wind_speed_mps,current_speed_mps,chain_model,link_count,ball_mass_kg,draft_m,model_depth_m
36.0,0.0,II,210,1200.0,0.654,5.555525525179714
36.0,0.0,II,210,1200.0,0.655,5.568604325766255
36.0,0.0,II,210,1200.0,0.656,5.589352254955529
36.0,0.0,II,210,1200.0,0.657,5.617774519269348
36.0,0.0,II,210,1200.0,0.658,5.653871483629348
36.0,0.0,II,210,1200.0,0.659,5.697638670449953
36.0,0.0,II,210,1200.0,0.66,5.7490667739924275
36.0,0.0,II,210,1200.0,0.661,5.8081416898503
36.0,0.0,II,210,1200.0,0.662,5.874844559356333
36.0,0.0,II,210,1200.0,0.663,5.949151828587846
36.0,0.0,II,210,1200.0,0.664,6.03103532154385
36.0,0.0,II,210,1200.0,0.665,6.120462326969724
36.0,0.0,II,210,1200.0,0.666,6.217395698213676
36.0,0.0,II,210,1200.0,0.667,6.321793965416247
36.0,0.0,II,210,1200.0,0.668,6.4336114592590805
36.0,0.0,II,210,1200.0,0.669,6.552798445434021
36.0,0.0,II,210,1200.0,0.67,6.679301268938171
36.0,0.0,II,210,1200.0,0.671,6.813062507255625
36.0,0.0,II,210,1200.0,0.672,6.9540211314519444
36.0,0.0,II,210,1200.0,0.673,7.10211267418396
36.0,0.0,II,210,1200.0,0.674,7.257269403613448
36.0,0.0,II,210,1200.0,0.675,7.419420502210467
36.0,0.0,II,210,1200.0,0.676,7.588492249438145
36.0,0.0,II,210,1200.0,0.677,7.764408207326295
36.0,0.0,II,210,1200.0,0.678,7.947089407965125
36.0,0.0,II,210,1200.0,0.679,8.136454541981848
36.0,0.0,II,210,1200.0,0.68,8.33242014710127
36.0,0.0,II,210,1200.0,0.681,8.534900795936228
36.0,0.0,II,210,1200.0,0.682,8.743809282188858
36.0,0.0,II,210,1200.0,0.683,8.959056804574724
36.0,0.0,II,210,1200.0,0.684,9.180553147657337
36.0,0.0,II,210,1200.0,0.685,9.408206859064542
36.0,0.0,II,210,1200.0,0.686,9.641925422465288
36.0,0.0,II,210,1200.0,0.687,9.881615425799101
36.0,0.0,II,210,1200.0,0.688,10.127182724306742
36.0,0.0,II,210,1200.0,0.689,10.37853259797007
36.0,0.0,II,210,1200.0,0.69,10.635569903028697
36.0,0.0,II,210,1200.0,0.691,10.898199217298256
36.0,0.0,II,210,1200.0,0.692,11.166324979070595
36.0,0.0,II,210,1200.0,0.693,11.439851619428723
36.0,0.0,II,210,1200.0,0.694,11.718683687858988
36.0,0.0,II,210,1200.0,0.695,12.002354779258898
36.0,0.0,II,210,1200.0,0.696,12.285137438691184
36.0,0.0,II,210,1200.0,0.697,12.565026093212992
36.0,0.0,II,210,1200.0,0.698,12.841918254402906
36.0,0.0,II,210,1200.0,0.699,13.11571738901732
36.0,0.0,II,210,1200.0,0.7,13.38633301542124
36.0,0.0,II,210,1200.0,0.701,13.65368077575721
36.0,0.0,II,210,1200.0,0.702,13.917682484063185
36.0,0.0,II,210,1200.0,0.703,14.178266150707367
36.0,0.0,II,210,1200.0,0.704,14.435365983660722
36.0,0.0,II,210,1200.0,0.705,14.688922367272678
36.0,0.0,II,210,1200.0,0.706,14.938881819351783
36.0,0.0,II,210,1200.0,0.707,15.18519692747742
36.0,0.0,II,210,1200.0,0.708,15.427826265583894
36.0,0.0,II,210,1200.0,0.709,15.666734291957615
36.0,0.0,II,210,1200.0,0.71,15.901891229876473
36.0,0.0,II,210,1200.0,0.711,16.13327293219232
36.0,0.0,II,210,1200.0,0.712,16.36086073121642
36.0,0.0,II,210,1200.0,0.713,16.58464127531054
36.0,0.0,II,210,1200.0,0.714,16.80460635361535
36.0,0.0,II,210,1200.0,0.715,17.02075271036109
36.0,0.0,II,210,1200.0,0.716,17.23308185020671
36.0,0.0,II,210,1200.0,0.717,17.441599836039376
36.0,0.0,II,210,1200.0,0.718,17.646317080642067
36.0,0.0,II,210,1200.0,0.719,17.847248133599045
36.0,0.0,II,210,1200.0,0.72,18.044411464762693
36.0,0.0,II,210,1200.0,0.721,18.23782924554873
36.0,0.0,II,210,1200.0,0.722,18.427527129263858
36.0,0.0,II,210,1200.0,0.723,18.61353403159788
36.0,0.0,II,210,1200.0,0.724,18.795881912338817
36.0,0.0,II,210,1200.0,0.725,18.974605559288754
36.0,0.0,II,210,1200.0,0.726,19.149742375276073
36.0,0.0,II,210,1200.0,0.727,19.32133216907659
36.0,0.0,II,210,1200.0,0.728,19.489416950971016
36.0,0.0,II,210,1200.0,0.729,19.654040733582505
36.0,0.0,II,210,1200.0,0.73,19.815249338555994
36.0,0.0,II,210,1200.0,0.731,19.97309020955985
36.0,0.0,II,210,1200.0,0.732,20.12761223201324
36.0,0.0,II,210,1200.0,0.733,20.278865559868468
36.0,0.0,II,210,1200.0,0.734,20.426901449706897
36.0,0.0,II,210,1200.0,0.735,20.571772102341022
36.0,0.0,II,210,1200.0,0.736,20.713530512053843
36.0,0.0,II,210,1200.0,0.737,20.8522303235492
36.0,0.0,II,210,1200.0,0.738,20.98792569663513
36.0,0.0,II,210,1200.0,0.739,21.120671178614465
36.0,0.0,II,210,1200.0,0.74,21.250521584314345
36.0,0.0,II,210,1200.0,0.741,21.37753188364884
36.0,0.0,II,210,1200.0,0.742,21.501757096574757
36.0,0.0,II,210,1200.0,0.743,21.623252195272386
36.0,0.0,II,210,1200.0,0.744,21.74207201335782
36.0,0.0,II,210,1200.0,0.745,21.85827116191252
36.0,0.0,II,210,1200.0,0.746,21.97190395209912
36.0,0.0,II,210,1200.0,0.747,22.08302432411776
36.0,0.0,II,210,1200.0,0.748,22.191685782247845
36.0,0.0,II,210,1200.0,0.749,22.297941335711354
36.0,0.0,II,210,1200.0,0.75,22.401843445089522
36.0,0.0,II,210,1200.0,0.751,22.50344397402154
36.0,0.0,II,210,1200.0,0.752,22.60279414591338
36.0,0.0,II,210,1200.0,0.753,22.699944505386576
36.0,0.0,II,210,1200.0,0.754,22.7949448841987
36.0,0.0,II,210,1200.0,0.755,22.88784437137302
36.0,0.0,II,210,1200.0,0.756,22.978691287278416
36.0,0.0,II,210,1200.0,0.757,23.06753316140933
36.0,0.0,II,210,1200.0,0.758,23.154416713620964
36.0,0.0,II,210,1200.0,0.759,23.239387838584257
36.0,0.0,II,210,1200.0,0.76,23.32249159323318
36.0,0.0,II,210,1200.0,0.761,23.403772186986018
36.0,0.0,II,210,1200.0,0.762,23.483272974531538
36.0,0.0,II,210,1200.0,0.763,23.56103645098073
36.0,0.0,II,210,1200.0,0.764,23.637104249193573
36.0,0.0,II,210,1200.0,0.765,23.71151713910077
36.0,0.0,II,210,1200.0,0.766,23.784315028849484
36.0,0.0,II,210,1200.0,0.767,23.855536967611087
36.0,0.0,II,210,1200.0,0.768,23.925221149899176
36.0,0.0,II,210,1200.0,0.769,23.993404921253813
36.0,0.0,II,210,1200.0,0.77,24.060124785158024
36.0,0.0,II,210,1200.0,0.771,24.125416411060083
36.0,0.0,II,210,1200.0,0.772,24.189314643383675
36.0,0.0,II,210,1200.0,0.773,24.251853511416115
36.0,0.0,II,210,1200.0,0.774,24.313066239971896
36.0,0.0,II,210,1200.0,0.775,24.3729852607364
36.0,0.0,II,210,1200.0,0.776,24.431642224201433
36.0,0.0,II,210,1200.0,0.777,24.48906801211062
36.0,0.0,II,210,1200.0,0.778,24.545292750339133
36.0,0.0,II,210,1200.0,0.779,24.600345822137967
36.0,0.0,II,210,1200.0,0.78,24.654255881678466
36.0,0.0,II,210,1200.0,0.781,24.707050867838223
36.0,0.0,II,210,1200.0,0.782,24.758758018174376
36.0,0.0,II,210,1200.0,0.783,24.809403883034562
36.0,0.0,II,210,1200.0,0.784,24.859014339760925
36.0,0.0,II,210,1200.0,0.785,24.907614606945515
36.0,0.0,II,210,1200.0,0.786,24.955229258700417
36.0,0.0,II,210,1200.0,0.787,25.00188223890855
36.0,0.0,II,210,1200.0,0.788,25.04759687542478
36.0,0.0,II,210,1200.0,0.789,25.092395894199896
36.0,0.0,II,210,1200.0,0.79,25.136301433303274
36.0,0.0,II,210,1200.0,0.791,25.17933505682177
36.0,0.0,II,210,1200.0,0.792,25.221517768615865
36.0,0.0,II,210,1200.0,0.793,25.262870025915696
36.0,0.0,II,210,1200.0,0.794,25.303411752741663
36.0,0.0,II,210,1200.0,0.795,25.34316235313684
36.0,0.0,II,210,1200.0,0.796,25.382140724199225
36.0,0.0,II,210,1200.0,0.797,25.42036526890449
36.0,0.0,II,210,1200.0,0.798,25.457853908710472
36.0,0.0,II,210,1200.0,0.799,25.4946240959367
36.0,0.0,II,210,1200.0,0.8,25.53069282591317
36.0,0.0,II,210,1200.0,0.801,25.566076648893713
36.0,0.0,II,210,1200.0,0.802,25.600791681730225
36.0,0.0,II,210,1200.0,0.803,25.634853619305602
36.0,0.0,II,210,1200.0,0.804,25.66827774572304
36.0,0.0,II,210,1200.0,0.805,25.70107894525097
36.0,0.0,II,210,1200.0,0.806,25.733271713023395
36.0,0.0,II,210,1200.0,0.807,25.764870165495708
36.0,0.0,II,210,1200.0,0.808,25.7958880506568
36.0,0.0,II,210,1200.0,0.809,25.826338757999245
36.0,0.0,II,210,1200.0,0.81,25.85623532824901
36.0,0.0,II,210,1200.0,0.811,25.885590462856687
36.0,0.0,II,210,1200.0,0.812,25.914416533253647
36.0,0.0,II,210,1200.0,0.813,25.94272558987488
36.0,0.0,II,210,1200.0,0.814,25.970529370952498
36.0,0.0,II,210,1200.0,0.815,25.99783931108304
36.0,0.0,II,210,1200.0,0.816,26.02466654957172
36.0,0.0,II,210,1200.0,0.817,26.05102193855814
36.0,0.0,II,210,1200.0,0.818,26.076916050926584
36.0,0.0,II,210,1200.0,0.819,26.102359188005444
36.0,0.0,II,210,1200.0,0.82,26.12736138705954
36.0,0.0,II,210,1200.0,0.821,26.15193242857963
36.0,0.0,II,210,1200.0,0.822,26.17608184337348
36.0,0.0,II,210,1200.0,0.823,26.199818919462373
36.0,0.0,II,210,1200.0,0.824,26.22315270878783
36.0,0.0,II,210,1200.0,0.825,26.246092033732516
36.0,0.0,II,210,1200.0,0.826,26.26864549345971
36.0,0.0,II,210,1200.0,0.827,26.290821470075862
36.0,0.0,II,210,1200.0,0.828,26.31262813462005
36.0,0.0,II,210,1200.0,0.829,26.33407345288509
36.0,0.0,II,210,1200.0,0.83,26.355165191074214
36.0,0.0,II,210,1200.0,0.831,26.37591092129756
36.0,0.0,II,210,1200.0,0.832,26.39631802691247
36.0,0.0,II,210,1200.0,0.833,26.416393707712068
36.0,0.0,II,210,1200.0,0.834,26.43614498496556
36.0,0.0,II,210,1200.0,0.835,26.455578706314505
36.0,0.0,II,210,1200.0,0.836,26.474701550529108
36.0,0.0,II,210,1200.0,0.837,26.493520032127837
36.0,0.0,II,210,1200.0,0.838,26.51204050586467
36.0,0.0,II,210,1200.0,0.839,26.530269171087102
36.0,0.0,II,210,1200.0,0.84,26.54821207596898
36.0,0.0,II,210,1200.0,0.841,26.565875121621307
36.0,0.0,II,210,1200.0,0.842,26.583264066084684
36.0,0.0,II,210,1200.0,0.843,26.60038452820645
36.0,0.0,II,210,1200.0,0.844,26.61724199140639
36.0,0.0,II,210,1200.0,0.845,26.633841807333496
36.0,0.0,II,210,1200.0,0.846,26.650189199417266
36.0,0.0,II,210,1200.0,0.847,26.666289266316696
36.0,0.0,II,210,1200.0,0.848,26.682146985269885
36.0,0.0,II,210,1200.0,0.849,26.6977672153466
36.0,0.0,II,210,1200.0,0.85,26.713154700607763
36.0,0.0,II,210,1200.0,0.851,26.728314073173326
36.0,0.0,II,210,1200.0,0.852,26.743249856202112
36.0,0.0,II,210,1200.0,0.853,26.757966466785934
36.0,0.0,II,210,1200.0,0.854,26.772468218760427
36.0,0.0,II,210,1200.0,0.855,26.786759325435053
36.0,0.0,II,210,1200.0,0.856,26.80084390224497
36.0,0.0,II,210,1200.0,0.857,26.814725969326712
36.0,0.0,II,210,1200.0,0.858,26.82840945402017
36.0,0.0,II,210,1200.0,0.859,26.84189819329901
36.0,0.0,II,210,1200.0,0.86,26.855195936131526
36.0,0.0,II,210,1200.0,0.861,26.868306345774368
36.0,0.0,II,210,1200.0,0.862,26.881233002000712
36.0,0.0,II,210,1200.0,0.863,26.893979403265103
36.0,0.0,II,210,1200.0,0.864,26.906548968806725
36.0,0.0,II,210,1200.0,0.865,26.918945040693217
36.0,0.0,II,210,1200.0,0.866,26.931170885806228
36.0,0.0,II,210,1200.0,0.867,26.943229697771176
36.0,0.0,II,210,1200.0,0.868,26.955124598832327
36.0,0.0,II,210,1200.0,0.869,26.96685864167515
36.0,0.0,II,210,1200.0,0.87,26.978434811197257
36.0,0.0,II,210,1200.0,0.871,26.989856026229727
36.0,0.0,II,210,1200.0,0.872,27.0011251412102
36.0,0.0,II,210,1200.0,0.873,27.012244947809087
36.0,0.0,II,210,1200.0,0.874,27.02321817651034
36.0,0.0,II,210,1200.0,0.875,27.03404749814838
36.0,0.0,II,210,1200.0,0.876,27.0447355254019
36.0,0.0,II,210,1200.0,0.877,27.055284814246683
36.0,0.0,II,210,1200.0,0.878,27.065697865367795
36.0,0.0,II,210,1200.0,0.879,27.07597712553286
36.0,0.0,II,210,1200.0,0.88,27.08612498892756
36.0,0.0,II,210,1200.0,0.881,27.096143798454264
36.0,0.0,II,210,1200.0,0.882,27.106035846995027
36.0,0.0,II,210,1200.0,0.883,27.115803378639956
36.0,0.0,II,210,1200.0,0.884,27.125448589882108
36.0,0.0,II,210,1200.0,0.885,27.134973630779562
36.0,0.0,II,210,1200.0,0.886,27.14438060608612
36.0,0.0,II,210,1200.0,0.887,27.15367157635116
36.0,0.0,II,210,1200.0,0.888,27.162848558989655
36.0,0.0,II,210,1200.0,0.889,27.171913529323383
36.0,0.0,II,210,1200.0,0.89,27.180868421594084
36.0,0.0,II,210,1200.0,0.891,27.189715129949132
36.0,0.0,II,210,1200.0,0.892,27.198455509401068
36.0,0.0,II,210,1200.0,0.893,27.207091376761227
36.0,0.0,II,210,1200.0,0.894,27.215624511548434
36.0,0.0,II,210,1200.0,0.895,27.224056656873678
36.0,0.0,II,210,1200.0,0.896,27.232389520301055
36.0,0.0,II,210,1200.0,0.897,27.240624774686065
36.0,0.0,II,210,1200.0,0.898,27.248764058991593
36.0,0.0,II,210,1200.0,0.899,27.256808979082393
36.0,0.0,II,210,1200.0,0.9,27.264761108498824
36.0,0.0,II,210,1200.0,0.901,27.272621989210098
36.0,0.0,II,210,1200.0,0.902,27.280393132347832
36.0,0.0,II,210,1200.0,0.903,27.288076018920577
36.0,0.0,II,210,1200.0,0.904,27.295672100509556
36.0,0.0,II,210,1200.0,0.905,27.303182799946434
36.0,0.0,II,210,1200.0,0.906,27.310609511973574
36.0,0.0,II,210,1200.0,0.907,27.317953603887002
36.0,0.0,II,210,1200.0,0.908,27.325216416163222
36.0,0.0,II,210,1200.0,0.909,27.33239926306934
36.0,0.0,II,210,1200.0,0.91,27.339503433258027
36.0,0.0,II,210,1200.0,0.911,27.346530190347103
36.0,0.0,II,210,1200.0,0.912,27.353480773484158
36.0,0.0,II,210,1200.0,0.913,27.360356397897164
36.0,0.0,II,210,1200.0,0.914,27.367158255430812
36.0,0.0,II,210,1200.0,0.915,27.373887515069352
36.0,0.0,II,210,1200.0,0.916,27.380545323446277
36.0,0.0,II,210,1200.0,0.917,27.38713280534127
36.0,0.0,II,210,1200.0,0.918,27.393651064164352
36.0,0.0,II,210,1200.0,0.919,27.40010118242835
36.0,0.0,II,210,1200.0,0.92,27.406484222209144
36.0,0.0,II,210,1200.0,0.921,27.412801225594656
36.0,0.0,II,210,1200.0,0.922,27.419053215122787
36.0,0.0,II,210,1200.0,0.923,27.425241194208247
36.0,0.0,II,210,1200.0,0.924,27.431366147559004
36.0,0.0,II,210,1200.0,0.925,27.437429041582504
36.0,0.0,II,210,1200.0,0.926,27.44343082478168
36.0,0.0,II,210,1200.0,0.927,27.4493724281416
36.0,0.0,II,210,1200.0,0.928,27.455254765506258
36.0,0.0,II,210,1200.0,0.929,27.461078733946646
36.0,0.0,II,210,1200.0,0.93,27.46684521411936
36.0,0.0,II,210,1200.0,0.931,27.47255507061691
36.0,0.0,II,210,1200.0,0.932,27.478209152309464
36.0,0.0,II,210,1200.0,0.933,27.483808292678184
36.0,0.0,II,210,1200.0,0.934,27.489353310140647
36.0,0.0,II,210,1200.0,0.935,27.494845008368635
36.0,0.0,II,210,1200.0,0.936,27.500284176598022
36.0,0.0,II,210,1200.0,0.937,27.505671589931378
36.0,0.0,II,210,1200.0,0.938,27.511008009633496
36.0,0.0,II,210,1200.0,0.939,27.51629418341981
36.0,0.0,II,210,1200.0,0.94,27.521530845737807
36.0,0.0,II,210,1200.0,0.941,27.526718718042225
36.0,0.0,II,210,1200.0,0.942,27.53185850906324
36.0,0.0,II,210,1200.0,0.943,27.53695091506887
36.0,0.0,II,210,1200.0,0.944,27.541996620120862
36.0,0.0,II,210,1200.0,0.945,27.546996296324757
36.0,0.0,II,210,1200.0,0.946,27.55195060407413
36.0,0.0,II,210,1200.0,0.947,27.556860192289136
36.0,0.0,II,210,1200.0,0.948,27.56172569864949
36.0,0.0,II,210,1200.0,0.949,27.566547749822117
36.0,0.0,II,210,1200.0,0.95,27.571326961683653
36.0,0.0,II,210,1200.0,0.951,27.57606393953747
36.0,0.0,II,210,1200.0,0.952,27.580759278326262
36.0,0.0,II,210,1200.0,0.953,27.585413562839296
36.0,0.0,II,210,1200.0,0.954,27.59002736791522
36.0,0.0,II,210,1200.0,0.955,27.594601258640132
36.0,0.0,II,210,1200.0,0.956,27.599135790541183
36.0,0.0,II,210,1200.0,0.957,27.603631509775894
36.0,0.0,II,210,1200.0,0.958,27.608088953317022
36.0,0.0,II,210,1200.0,0.959,27.61250864913346
36.0,0.0,II,210,1200.0,0.96,27.616891116366883
36.0,0.0,II,210,1200.0,0.961,27.621236865504645
36.0,0.0,II,210,1200.0,0.962,27.6255463985487
36.0,0.0,II,210,1200.0,0.963,27.629820209180696
36.0,0.0,II,210,1200.0,0.964,27.634058782923617
36.0,0.0,II,210,1200.0,0.965,27.638262597299644
36.0,0.0,II,210,1200.0,0.966,27.642432121984616
36.0,0.0,II,210,1200.0,0.967,27.646567818959028
36.0,0.0,II,210,1200.0,0.968,27.650670142655965
36.0,0.0,II,210,1200.0,0.969,27.654739540105297
36.0,0.0,II,210,1200.0,0.97,27.65877645107522
36.0,0.0,II,210,1200.0,0.971,27.662781308210512
36.0,0.0,II,210,1200.0,0.972,27.666754537167684
36.0,0.0,II,210,1200.0,0.973,27.670696556747366
36.0,0.0,II,210,1200.0,0.974,27.67460777902381
36.0,0.0,II,210,1200.0,0.975,27.678488609471476
36.0,0.0,II,210,1200.0,0.976,27.682339447088978
36.0,0.0,II,210,1200.0,0.977,27.686160684520434
36.0,0.0,II,210,1200.0,0.978,27.68995270817414
36.0,0.0,II,210,1200.0,0.979,27.693715898338695
36.0,0.0,II,210,1200.0,0.98,27.69745062929666
36.0,0.0,II,210,1200.0,0.981,27.701157269436028
36.0,0.0,II,210,1200.0,0.982,27.704836181358843
36.0,0.0,II,210,1200.0,0.983,27.708487721988
36.0,0.0,II,210,1200.0,0.984,27.712112242671594
36.0,0.0,II,210,1200.0,0.985,27.715710089285118
36.0,0.0,II,210,1200.0,0.986,27.719281602331417
36.0,0.0,II,210,1200.0,0.987,27.7228271170387
36.0,0.0,II,210,1200.0,0.988,27.72634696345643
36.0,0.0,II,210,1200.0,0.989,27.729841466549235
36.0,0.0,II,210,1200.0,0.99,27.73331094628886
36.0,0.0,II,210,1200.0,0.991,27.736755717744273
36.0,0.0,II,210,1200.0,0.992,27.74017609116973
36.0,0.0,II,210,1200.0,0.993,27.743572372091403
36.0,0.0,II,210,1200.0,0.994,27.74694486139169
36.0,0.0,II,210,1200.0,0.995,27.750293855392346
36.0,0.0,II,210,1200.0,0.996,27.753619645935586
36.0,0.0,II,210,1200.0,0.997,27.75692252046352
36.0,0.0,II,210,1200.0,0.998,27.760202762096306
36.0,0.0,II,210,1200.0,0.999,27.76346064970814
36.0,0.0,II,210,1200.0,1.0,27.76669645800243
36.0,0.0,II,210,1200.0,1.001,27.7699104575848
36.0,0.0,II,210,1200.0,1.002,27.773102915034997
36.0,0.0,II,210,1200.0,1.003,27.776274092977296
36.0,0.0,II,210,1200.0,1.004,27.779424250149425
36.0,0.0,II,210,1200.0,1.005,27.78255364147014
36.0,0.0,II,210,1200.0,1.006,27.78566251810545
36.0,0.0,II,210,1200.0,1.007,27.78875112753363
36.0,0.0,II,210,1200.0,1.008,27.791819713608717
36.0,0.0,II,210,1200.0,1.009,27.79486851662298
36.0,0.0,II,210,1200.0,1.01,27.797897773368064
36.0,0.0,II,210,1200.0,1.011,27.800907717194914
36.0,0.0,II,210,1200.0,1.012,27.80389857807255
36.0,0.0,II,210,1200.0,1.013,27.806870582645644
36.0,0.0,II,210,1200.0,1.014,27.80982395429106
36.0,0.0,II,210,1200.0,1.015,27.81275891317331
36.0,0.0,II,210,1200.0,1.016,27.81567567629866
36.0,0.0,II,210,1200.0,1.017,27.81857445756865
36.0,0.0,II,210,1200.0,1.018,27.821455467832177
36.0,0.0,II,210,1200.0,1.019,27.82431891493672
36.0,0.0,II,210,1200.0,1.02,27.82716500377857
36.0,0.0,II,210,1200.0,1.021,27.82999393635227
36.0,0.0,II,210,1200.0,1.022,27.832805911798758
36.0,0.0,II,210,1200.0,1.023,27.83560112645281
36.0,0.0,II,210,1200.0,1.024,27.838379773889645
36.0,0.0,II,210,1200.0,1.025,27.84114204497046
36.0,0.0,II,210,1200.0,1.026,27.84388812788719
36.0,0.0,II,210,1200.0,1.027,27.846618208206436
36.0,0.0,II,210,1200.0,1.028,27.84933246891257
36.0,0.0,II,210,1200.0,1.029,27.852031090450026
36.0,0.0,II,210,1200.0,1.03,27.854714250764648
36.0,0.0,II,210,1200.0,1.031,27.857382125344532
36.0,0.0,II,210,1200.0,1.032,27.86003488725992
36.0,0.0,II,210,1200.0,1.033,27.862672707202343
36.0,0.0,II,210,1200.0,1.034,27.865295753523164
36.0,0.0,II,210,1200.0,1.035,27.86790419227126
36.0,0.0,II,210,1200.0,1.036,27.870498187230176
36.0,0.0,II,210,1200.0,1.037,27.87307789995435
36.0,0.0,II,210,1200.0,1.038,27.875643489804986
36.0,0.0,II,210,1200.0,1.039,27.878195113984816
36.0,0.0,II,210,1200.0,1.04,27.88073292757293
36.0,0.0,II,210,1200.0,1.041,27.8832570835581
36.0,0.0,II,210,1200.0,1.042,27.885767732872218
36.0,0.0,II,210,1200.0,1.043,27.88826502442275
36.0,0.0,II,210,1200.0,1.044,27.89074910512467
36.0,0.0,II,210,1200.0,1.045,27.893220119931897
36.0,0.0,II,210,1200.0,1.046,27.89567821186812
36.0,0.0,II,210,1200.0,1.047,27.898123522056938
36.0,0.0,II,210,1200.0,1.048,27.900556189751732
36.0,0.0,II,210,1200.0,1.049,27.902976352364654
36.0,0.0,II,210,1200.0,1.05,27.905384145495535
36.0,0.0,II,210,1200.0,1.051,27.907779702959736
36.0,0.0,II,210,1200.0,1.052,27.91016315681599
36.0,0.0,II,210,1200.0,1.053,27.912534637393545
36.0,0.0,II,210,1200.0,1.054,27.91489427331872
36.0,0.0,II,210,1200.0,1.055,27.91724219154115
36.0,0.0,II,210,1200.0,1.056,27.919578517359593
36.0,0.0,II,210,1200.0,1.057,27.921903374447048
36.0,0.0,II,210,1200.0,1.058,27.924216884875804
36.0,0.0,II,210,1200.0,1.059,27.92651916914162
36.0,0.0,II,210,1200.0,1.06,27.92881034618783
36.0,0.0,II,210,1200.0,1.061,27.93109053342884
36.0,0.0,II,210,1200.0,1.062,27.933359846773335
36.0,0.0,II,210,1200.0,1.063,27.93561840064691
36.0,0.0,II,210,1200.0,1.064,27.937866308014513
36.0,0.0,II,210,1200.0,1.065,27.940103680402338
36.0,0.0,II,210,1200.0,1.066,27.942330627919436
36.0,0.0,II,210,1200.0,1.067,27.944547259278956
36.0,0.0,II,210,1200.0,1.068,27.94675368181887
36.0,0.0,II,210,1200.0,1.069,27.94895000152254
36.0,0.0,II,210,1200.0,1.07,27.951136323038934
36.0,0.0,II,210,1200.0,1.071,27.953312749702185
36.0,0.0,II,210,1200.0,1.072,27.955479383551282
36.0,0.0,II,210,1200.0,1.073,27.957636325349036
36.0,0.0,II,210,1200.0,1.074,27.959783674600978
36.0,0.0,II,210,1200.0,1.075,27.96192152957371
36.0,0.0,II,210,1200.0,1.076,27.96404998731325
36.0,0.0,II,210,1200.0,1.077,27.96616914366267
36.0,0.0,II,210,1200.0,1.078,27.96827909327988
36.0,0.0,II,210,1200.0,1.079,27.970379929654744
36.0,0.0,II,210,1200.0,1.08,27.972471745126086
36.0,0.0,II,210,1200.0,1.081,27.974554630898453
36.0,0.0,II,210,1200.0,1.082,27.976628677058407
36.0,0.0,II,210,1200.0,1.083,27.978693972590783
36.0,0.0,II,210,1200.0,1.084,27.980750605394427
36.0,0.0,II,210,1200.0,1.085,27.982798662297967
36.0,0.0,II,210,1200.0,1.086,27.984838229075095
36.0,0.0,II,210,1200.0,1.087,27.986869390459525
36.0,0.0,II,210,1200.0,1.088,27.988892230160108
36.0,0.0,II,210,1200.0,1.089,27.990906830875268
36.0,0.0,II,210,1200.0,1.09,27.992913274307405
36.0,0.0,II,210,1200.0,1.091,27.99491164117694
36.0,0.0,II,210,1200.0,1.092,27.996902011236376
36.0,0.0,II,210,1200.0,1.093,27.998884463283915
36.0,0.0,II,210,1200.0,1.094,28.000859075176866
36.0,0.0,II,210,1200.0,1.095,28.00282592384482
36.0,0.0,II,210,1200.0,1.096,28.0047850853029
36.0,0.0,II,210,1200.0,1.097,28.00673663466433
36.0,0.0,II,210,1200.0,1.098,28.008680646153152
36.0,0.0,II,210,1200.0,1.099,28.010617193116598
36.0,0.0,II,210,1200.0,1.1,28.012546348037365
36.0,0.0,II,210,1200.0,1.101,28.01446818254548
36.0,0.0,II,210,1200.0,1.102,28.016382767430194
36.0,0.0,II,210,1200.0,1.103,28.018290172651636
36.0,0.0,II,210,1200.0,1.104,28.020190467352265
36.0,0.0,II,210,1200.0,1.105,28.02208371986803
36.0,0.0,II,210,1200.0,1.106,28.02396999773952
36.0,0.0,II,210,1200.0,1.107,28.02584936772289
36.0,0.0,II,210,1200.0,1.108,28.02772189580054
36.0,0.0,II,210,1200.0,1.109,28.029587647191676
36.0,0.0,II,210,1200.0,1.11,28.03144668636282
36.0,0.0,II,210,1200.0,1.111,28.03329907703794
36.0,0.0,II,210,1200.0,1.112,28.035144882208513
36.0,0.0,II,210,1200.0,1.113,28.036984164143465
36.0,0.0,II,210,1200.0,1.114,28.038816984399055
36.0,0.0,II,210,1200.0,1.115,28.04064340382829
36.0,0.0,II,210,1200.0,1.116,28.04246348259052
36.0,0.0,II,210,1200.0,1.117,28.044277280160692
36.0,0.0,II,210,1200.0,1.118,28.046084855338595
36.0,0.0,II,210,1200.0,1.119,28.047886266257766
36.0,0.0,II,210,1200.0,1.12,28.04968157039451
36.0,0.0,II,210,1200.0,1.121,28.05147082457662
36.0,0.0,II,210,1200.0,1.122,28.053254084991945
36.0,0.0,II,210,1200.0,1.123,28.055031407196953
36.0,0.0,II,210,1200.0,1.124,28.05680284612496
36.0,0.0,II,210,1200.0,1.125,28.058568456094555
36.0,0.0,II,210,1200.0,1.126,28.060328290817587
36.0,0.0,II,210,1200.0,1.127,28.062082403407153
36.0,0.0,II,210,1200.0,1.128,28.06383084638549
36.0,0.0,II,210,1200.0,1.129,28.065573671691645
36.0,0.0,II,210,1200.0,1.13,28.067310930689253
36.0,0.0,II,210,1200.0,1.131,28.06904267417391
36.0,0.0,II,210,1200.0,1.132,28.07076895238064
36.0,0.0,II,210,1200.0,1.133,28.07248981499115
36.0,0.0,II,210,1200.0,1.134,28.074205311141043
36.0,0.0,II,210,1200.0,1.135,28.075915489426798
36.0,0.0,II,210,1200.0,1.136,28.07762039791297
36.0,0.0,II,210,1200.0,1.137,28.079320084138732
36.0,0.0,II,210,1200.0,1.138,28.08101459512491
36.0,0.0,II,210,1200.0,1.139,28.082703977380454
36.0,0.0,II,210,1200.0,1.14,28.08438827690911
36.0,0.0,II,210,1200.0,1.141,28.08606753921585
36.0,0.0,II,210,1200.0,1.142,28.087741809313286
36.0,0.0,II,210,1200.0,1.143,28.089411131727843
36.0,0.0,II,210,1200.0,1.144,28.091075550506037
36.0,0.0,II,210,1200.0,1.145,28.09273510922057
36.0,0.0,II,210,1200.0,1.146,28.09438985097622
36.0,0.0,II,210,1200.0,1.147,28.096039818415953
36.0,0.0,II,210,1200.0,1.148,28.097685053726572
36.0,0.0,II,210,1200.0,1.149,28.099325598644533
36.0,0.0,II,210,1200.0,1.15,28.100961494461657
36.0,0.0,II,210,1200.0,1.151,28.102592782030616
36.0,0.0,II,210,1200.0,1.152,28.104219501770494
36.0,0.0,II,210,1200.0,1.153,28.105841693672247
36.0,0.0,II,210,1200.0,1.154,28.107459397303874
36.0,0.0,II,210,1200.0,1.155,28.10907265181595
36.0,0.0,II,210,1200.0,1.156,28.110681495946594
36.0,0.0,II,210,1200.0,1.157,28.11228596802661
36.0,0.0,II,210,1200.0,1.158,28.11388610598469
36.0,0.0,II,210,1200.0,1.159,28.115481947352205
36.0,0.0,II,210,1200.0,1.16,28.117073529268183
36.0,0.0,II,210,1200.0,1.161,28.118660888484158
36.0,0.0,II,210,1200.0,1.162,28.120244061368922
36.0,0.0,II,210,1200.0,1.163,28.121823083913178
36.0,0.0,II,210,1200.0,1.164,28.123397991734166
36.0,0.0,II,210,1200.0,1.165,28.124968820080355
36.0,0.0,II,210,1200.0,1.166,28.126535603835755
36.0,0.0,II,210,1200.0,1.167,28.12809837752445
36.0,0.0,II,210,1200.0,1.168,28.12965717531505
36.0,0.0,II,210,1200.0,1.169,28.131212031024802
36.0,0.0,II,210,1200.0,1.17,28.132762978124045
36.0,0.0,II,210,1200.0,1.171,28.134310049740254
36.0,0.0,II,210,1200.0,1.172,28.13585327866233
36.0,0.0,II,210,1200.0,1.173,28.137392697344474
36.0,0.0,II,210,1200.0,1.174,28.138928337910382
36.0,0.0,II,210,1200.0,1.175,28.140460232157178
36.0,0.0,II,210,1200.0,1.176,28.14198841155922
36.0,0.0,II,210,1200.0,1.177,28.143512907272036
36.0,0.0,II,210,1200.0,1.178,28.145033750136193
36.0,0.0,II,210,1200.0,1.179,28.146550970680913
36.0,0.0,II,210,1200.0,1.18,28.14806459912785
36.0,0.0,II,210,1200.0,1.181,28.149574665394738
36.0,0.0,II,210,1200.0,1.182,28.151081199098975
36.0,0.0,II,210,1200.0,1.183,28.15258422956115
36.0,0.0,II,210,1200.0,1.184,28.15408378580857
36.0,0.0,II,210,1200.0,1.185,28.155579896578807
36.0,0.0,II,210,1200.0,1.186,28.15707259032287
36.0,0.0,II,210,1200.0,1.187,28.15856189520881
36.0,0.0,II,210,1200.0,1.188,28.160047839124882
36.0,0.0,II,210,1200.0,1.189,28.16153044968287
36.0,0.0,II,210,1200.0,1.19,28.16300975422136
36.0,0.0,II,210,1200.0,1.191,28.164485779808835
36.0,0.0,II,210,1200.0,1.192,28.16595855324688
36.0,0.0,II,210,1200.0,1.193,28.167428101073234
36.0,0.0,II,210,1200.0,1.194,28.16889444956486
36.0,0.0,II,210,1200.0,1.195,28.170357624740994
36.0,0.0,II,210,1200.0,1.196,28.171817652366144
36.0,0.0,II,210,1200.0,1.197,28.173274557952894
36.0,0.0,II,210,1200.0,1.198,28.174728366764917
36.0,0.0,II,210,1200.0,1.199,28.176179103819884
36.0,0.0,II,210,1200.0,1.2,28.177626793892067
36.0,0.5,II,210,1200.0,0.654,5.542498856396876
36.0,0.5,II,210,1200.0,0.655,5.554682056418425
36.0,0.5,II,210,1200.0,0.656,5.573884526462578
36.0,0.5,II,210,1200.0,0.657,5.600109520235035
36.0,0.5,II,210,1200.0,0.658,5.633356475628081
36.0,0.5,II,210,1200.0,0.659,5.673621016135396
36.0,0.5,II,210,1200.0,0.66,5.720894962527033
36.0,0.5,II,210,1200.0,0.661,5.775166354693775
36.0,0.5,II,210,1200.0,0.662,5.836419483530155
36.0,0.5,II,210,1200.0,0.663,5.90463493265938
36.0,0.5,II,210,1200.0,0.664,5.979789629744031
36.0,0.5,II,210,1200.0,0.665,6.0618569070698145
36.0,0.5,II,210,1200.0,0.666,6.150806571036219
36.0,0.5,II,210,1200.0,0.667,6.246604980138905
36.0,0.5,II,210,1200.0,0.668,6.349215130983574
36.0,0.5,II,210,1200.0,0.669,6.458596751831041
36.0,0.5,II,210,1200.0,0.67,6.574706403138238
36.0,0.5,II,210,1200.0,0.671,6.69749758453026
36.0,0.5,II,210,1200.0,0.672,6.826920847614299
36.0,0.5,II,210,1200.0,0.673,6.962923914028099
36.0,0.5,II,210,1200.0,0.674,7.105451798102075
36.0,0.5,II,210,1200.0,0.675,7.254446933507208
36.0,0.5,II,210,1200.0,0.676,7.409849303258486
36.0,0.5,II,210,1200.0,0.677,7.571596572446642
36.0,0.5,II,210,1200.0,0.678,7.739624223078906
36.0,0.5,II,210,1200.0,0.679,7.913865690421833
36.0,0.5,II,210,1200.0,0.68,8.09425250025571
36.0,0.5,II,210,1200.0,0.681,8.280714406470977
36.0,0.5,II,210,1200.0,0.682,8.473179528449773
36.0,0.5,II,210,1200.0,0.683,8.671574487761111
36.0,0.5,II,210,1200.0,0.684,8.87582454359053
36.0,0.5,II,210,1200.0,0.685,9.085853726525976
36.0,0.5,II,210,1200.0,0.686,9.301584970238558
36.0,0.5,II,210,1200.0,0.687,9.52294024067051
36.0,0.5,II,210,1200.0,0.688,9.749840662373497
36.0,0.5,II,210,1200.0,0.689,9.982206641674921
36.0,0.5,II,210,1200.0,0.69,10.219957986385063
36.0,0.5,II,210,1200.0,0.691,10.463014021792702
36.0,0.5,II,210,1200.0,0.692,10.71129370273145
36.0,0.5,II,210,1200.0,0.693,10.964715721531984
36.0,0.5,II,210,1200.0,0.694,11.223198611708128
36.0,0.5,II,210,1200.0,0.695,11.486324326338178
36.0,0.5,II,210,1200.0,0.696,11.748906869601434
36.0,0.5,II,210,1200.0,0.697,12.00913826199861
36.0,0.5,II,210,1200.0,0.698,12.26693533545158
36.0,0.5,II,210,1200.0,0.699,12.522219189131283
36.0,0.5,II,210,1200.0,0.7,12.774915257039245
36.0,0.5,II,210,1200.0,0.701,13.024953360398317
36.0,0.5,II,210,1200.0,0.702,13.272267745028412
36.0,0.5,II,210,1200.0,0.703,13.516797103963604
36.0,0.5,II,210,1200.0,0.704,13.758484585645068
36.0,0.5,II,210,1200.0,0.705,13.997277788096635
36.0,0.5,II,210,1200.0,0.706,14.23312873955814
36.0,0.5,II,210,1200.0,0.707,14.465993866113397
36.0,0.5,II,210,1200.0,0.708,14.69583394690607
36.0,0.5,II,210,1200.0,0.709,14.922614057587023
36.0,0.5,II,210,1200.0,0.71,15.146303502679341
36.0,0.5,II,210,1200.0,0.711,15.366875737584216
36.0,0.5,II,210,1200.0,0.712,15.58430828098059
36.0,0.5,II,210,1200.0,0.713,15.798582618393894
36.0,0.5,II,210,1200.0,0.714,16.009684097725955
36.0,0.5,II,210,1200.0,0.715,16.217601817546534
36.0,0.5,II,210,1200.0,0.716,16.42232850895114
36.0,0.5,II,210,1200.0,0.717,16.623860411785607
36.0,0.5,II,210,1200.0,0.718,16.822197146029975
36.0,0.5,II,210,1200.0,0.719,17.017341579119037
36.0,0.5,II,210,1200.0,0.72,17.20929968995877
36.0,0.5,II,210,1200.0,0.721,17.398080430373135
36.0,0.5,II,210,1200.0,0.722,17.583695584689288
36.0,0.5,II,210,1200.0,0.723,17.76615962813726
36.0,0.5,II,210,1200.0,0.724,17.945489584706497
36.0,0.5,II,210,1200.0,0.725,18.121704885065597
36.0,0.5,II,210,1200.0,0.726,18.294827225112723
36.0,0.5,II,210,1200.0,0.727,18.464880425684353
36.0,0.5,II,210,1200.0,0.728,18.63189029391014
36.0,0.5,II,210,1200.0,0.729,18.795884486658856
36.0,0.5,II,210,1200.0,0.73,18.956892376480795
36.0,0.5,II,210,1200.0,0.731,19.11494492040923
36.0,0.5,II,210,1200.0,0.732,19.27007453194413
36.0,0.5,II,210,1200.0,0.733,19.42231495650104
36.0,0.5,II,210,1200.0,0.734,19.57170115057016
36.0,0.5,II,210,1200.0,0.735,19.71826916479298
36.0,0.5,II,210,1200.0,0.736,19.86205603112901
36.0,0.5,II,210,1200.0,0.737,20.00309965425091
36.0,0.5,II,210,1200.0,0.738,20.14143870727551
36.0,0.5,II,210,1200.0,0.739,20.27711253190683
36.0,0.5,II,210,1200.0,0.74,20.410161043041445
36.0,0.5,II,210,1200.0,0.741,20.540624637859228
36.0,0.5,II,210,1200.0,0.742,20.668544109399875
36.0,0.5,II,210,1200.0,0.743,20.793960564603978
36.0,0.5,II,210,1200.0,0.744,20.916915346777895
36.0,0.5,II,210,1200.0,0.745,21.037449962423974
36.0,0.5,II,210,1200.0,0.746,21.155606012363215
36.0,0.5,II,210,1200.0,0.747,21.271425127062535
36.0,0.5,II,210,1200.0,0.748,21.384948906067997
36.0,0.5,II,210,1200.0,0.749,21.496218861434794
36.0,0.5,II,210,1200.0,0.75,21.605276365036346
36.0,0.5,II,210,1200.0,0.751,21.71216259962781
36.0,0.5,II,210,1200.0,0.752,21.816918513533647
36.0,0.5,II,210,1200.0,0.753,21.919584778824568
36.0,0.5,II,210,1200.0,0.754,22.02020175284591
36.0,0.5,II,210,1200.0,0.755,22.118809442957517
36.0,0.5,II,210,1200.0,0.756,22.215447474343847
36.0,0.5,II,210,1200.0,0.757,22.310155060752898
36.0,0.5,II,210,1200.0,0.758,22.402970978023145
36.0,0.5,II,210,1200.0,0.759,22.49393354025878
36.0,0.5,II,210,1200.0,0.76,22.583080578515357
36.0,0.5,II,210,1200.0,0.761,22.67044942186046
36.0,0.5,II,210,1200.0,0.762,22.756076880676613
36.0,0.5,II,210,1200.0,0.763,22.839999232077247
36.0,0.5,II,210,1200.0,0.764,22.922252207309647
36.0,0.5,II,210,1200.0,0.765,23.002870981022852
36.0,0.5,II,210,1200.0,0.766,23.081890162282583
36.0,0.5,II,210,1200.0,0.767,23.15934378721923
36.0,0.5,II,210,1200.0,0.768,23.2352653131996
36.0,0.5,II,210,1200.0,0.769,23.30968761441697
36.0,0.5,II,210,1200.0,0.77,23.382642978799147
36.0,0.5,II,210,1200.0,0.771,23.454163106138125
36.0,0.5,II,210,1200.0,0.772,23.524279107349663
36.0,0.5,II,210,1200.0,0.773,23.59302150477525
36.0,0.5,II,210,1200.0,0.774,23.660420233444047
36.0,0.5,II,210,1200.0,0.775,23.726504643215154
36.0,0.5,II,210,1200.0,0.776,23.79130350172678
36.0,0.5,II,210,1200.0,0.777,23.85484499808104
36.0,0.5,II,210,1200.0,0.778,23.917156747198327
36.0,0.5,II,210,1200.0,0.779,23.978265794778537
36.0,0.5,II,210,1200.0,0.78,24.03819862281052
36.0,0.5,II,210,1200.0,0.781,24.096981155573896
36.0,0.5,II,210,1200.0,0.782,24.154638766081987
36.0,0.5,II,210,1200.0,0.783,24.21119628291695
36.0,0.5,II,210,1200.0,0.784,24.266677997411932
36.0,0.5,II,210,1200.0,0.785,24.32110767113776
36.0,0.5,II,210,1200.0,0.786,24.374508543654642
36.0,0.5,II,210,1200.0,0.787,24.426903340492565
36.0,0.5,II,210,1200.0,0.788,24.478314281325623
36.0,0.5,II,210,1200.0,0.789,24.528763088309244
36.0,0.5,II,210,1200.0,0.79,24.57827099455067
36.0,0.5,II,210,1200.0,0.791,24.62685875268578
36.0,0.5,II,210,1200.0,0.792,24.674546643537163
36.0,0.5,II,210,1200.0,0.793,24.72135448483049
36.0,0.5,II,210,1200.0,0.794,24.76730163994817
36.0,0.5,II,210,1200.0,0.795,24.81240702670057
36.0,0.5,II,210,1200.0,0.796,24.856689126097635
36.0,0.5,II,210,1200.0,0.797,24.90016599110383
36.0,0.5,II,210,1200.0,0.798,24.942855255362616
36.0,0.5,II,210,1200.0,0.799,24.984774141876414
36.0,0.5,II,210,1200.0,0.8,25.025939471630025
36.0,0.5,II,210,1200.0,0.801,25.066367672146832
36.0,0.5,II,210,1200.0,0.802,25.106074785967547
36.0,0.5,II,210,1200.0,0.803,25.14507647904305
36.0,0.5,II,210,1200.0,0.804,25.18338804903306
36.0,0.5,II,210,1200.0,0.805,25.22102443350407
36.0,0.5,II,210,1200.0,0.806,25.258000218020005
36.0,0.5,II,210,1200.0,0.807,25.294329644120477
36.0,0.5,II,210,1200.0,0.808,25.330026617181755
36.0,0.5,II,210,1200.0,0.809,25.365104714156708
36.0,0.5,II,210,1200.0,0.81,25.399577191189753
36.0,0.5,II,210,1200.0,0.811,25.43345699110464
36.0,0.5,II,210,1200.0,0.812,25.466756750762023
36.0,0.5,II,210,1200.0,0.813,25.49948880828541
36.0,0.5,II,210,1200.0,0.814,25.53166521015389
36.0,0.5,II,210,1200.0,0.815,25.563297718160293
36.0,0.5,II,210,1200.0,0.816,25.594397816234604
36.0,0.5,II,210,1200.0,0.817,25.624976717131837
36.0,0.5,II,210,1200.0,0.818,25.655045368984414
36.0,0.5,II,210,1200.0,0.819,25.684614461719384
36.0,0.5,II,210,1200.0,0.82,25.713694433340653
36.0,0.5,II,210,1200.0,0.821,25.742295476077217
36.0,0.5,II,210,1200.0,0.822,25.77042754239803
36.0,0.5,II,210,1200.0,0.823,25.79810035089468
36.0,0.5,II,210,1200.0,0.824,25.825323392033035
36.0,0.5,II,210,1200.0,0.825,25.85210593377525
36.0,0.5,II,210,1200.0,0.826,25.878457027073715
36.0,0.5,II,210,1200.0,0.827,25.90438551123831
36.0,0.5,II,210,1200.0,0.828,25.929900019178987
36.0,0.5,II,210,1200.0,0.829,25.955008982525207
36.0,0.5,II,210,1200.0,0.83,25.979720636624105
36.0,0.5,II,210,1200.0,0.831,26.004043025419733
36.0,0.5,II,210,1200.0,0.832,26.02798400621471
36.0,0.5,II,210,1200.0,0.833,26.05155125431684
36.0,0.5,II,210,1200.0,0.834,26.074752267572524
36.0,0.5,II,210,1200.0,0.835,26.097594370789043
36.0,0.5,II,210,1200.0,0.836,26.120084720048013
36.0,0.5,II,210,1200.0,0.837,26.142230306911998
36.0,0.5,II,210,1200.0,0.838,26.164037962526386
36.0,0.5,II,210,1200.0,0.839,26.185514361618843
36.0,0.5,II,210,1200.0,0.84,26.206666026398302
36.0,0.5,II,210,1200.0,0.841,26.227499330355933
36.0,0.5,II,210,1200.0,0.842,26.248020501969677
36.0,0.5,II,210,1200.0,0.843,26.268235628315075
36.0,0.5,II,210,1200.0,0.844,26.288150658584282
36.0,0.5,II,210,1200.0,0.845,26.30777140751492
36.0,0.5,II,210,1200.0,0.846,26.32710355873171
36.0,0.5,II,210,1200.0,0.847,26.346152668002112
36.0,0.5,II,210,1200.0,0.848,26.364924166408336
36.0,0.5,II,210,1200.0,0.849,26.383423363437828
36.0,0.5,II,210,1200.0,0.85,26.401655449994003
36.0,0.5,II,210,1200.0,0.851,26.41962550132905
36.0,0.5,II,210,1200.0,0.852,26.437338479901243
36.0,0.5,II,210,1200.0,0.853,26.454799238157786
36.0,0.5,II,210,1200.0,0.854,26.472012521245894
36.0,0.5,II,210,1200.0,0.855,26.488982969653286
36.0,0.5,II,210,1200.0,0.856,26.505715121780188
36.0,0.5,II,210,1200.0,0.857,26.52221341644451
36.0,0.5,II,210,1200.0,0.858,26.538482195321762
36.0,0.5,II,210,1200.0,0.859,26.554525705321588
36.0,0.5,II,210,1200.0,0.86,26.57034810090244
36.0,0.5,II,210,1200.0,0.861,26.58595344632596
36.0,0.5,II,210,1200.0,0.862,26.601345717852702
36.0,0.5,II,210,1200.0,0.863,26.616528805880677
36.0,0.5,II,210,1200.0,0.864,26.631506517028228
36.0,0.5,II,210,1200.0,0.865,26.646282576162715
36.0,0.5,II,210,1200.0,0.866,26.66086062837645
36.0,0.5,II,210,1200.0,0.867,26.675244240911006
36.0,0.5,II,210,1200.0,0.868,26.689436905031943
36.0,0.5,II,210,1200.0,0.869,26.70344203785441
36.0,0.5,II,210,1200.0,0.87,26.717262984121525
36.0,0.5,II,210,1200.0,0.871,26.730903017936537
36.0,0.5,II,210,1200.0,0.872,26.744365344450145
36.0,0.5,II,210,1200.0,0.873,26.757653101504065
36.0,0.5,II,210,1200.0,0.874,26.770769361232016
36.0,0.5,II,210,1200.0,0.875,26.783717131619277
36.0,0.5,II,210,1200.0,0.876,26.796499358022107
36.0,0.5,II,210,1200.0,0.877,26.809118924647727
36.0,0.5,II,210,1200.0,0.878,26.82157865599634
36.0,0.5,II,210,1200.0,0.879,26.833881318265817
36.0,0.5,II,210,1200.0,0.88,26.84602962072043
36.0,0.5,II,210,1200.0,0.881,26.858026217024424
36.0,0.5,II,210,1200.0,0.882,26.86987370654114
36.0,0.5,II,210,1200.0,0.883,26.88157463559914
36.0,0.5,II,210,1200.0,0.884,26.893131498725843
36.0,0.5,II,210,1200.0,0.885,26.904546739849547
36.0,0.5,II,210,1200.0,0.886,26.91582275347086
36.0,0.5,II,210,1200.0,0.887,26.92696188580438
36.0,0.5,II,210,1200.0,0.888,26.93796643589112
36.0,0.5,II,210,1200.0,0.889,26.94883865668298
36.0,0.5,II,210,1200.0,0.89,26.959580756099445
36.0,0.5,II,210,1200.0,0.891,26.970194898057663
36.0,0.5,II,210,1200.0,0.892,26.980683203476644
36.0,0.5,II,210,1200.0,0.893,26.9910477512558
36.0,0.5,II,210,1200.0,0.894,27.001290579229103
36.0,0.5,II,210,1200.0,0.895,27.011413685095185
36.0,0.5,II,210,1200.0,0.896,27.0214190273242
36.0,0.5,II,210,1200.0,0.897,27.03130852604175
36.0,0.5,II,210,1200.0,0.898,27.041084063890914
36.0,0.5,II,210,1200.0,0.899,27.05074748687271
36.0,0.5,II,210,1200.0,0.9,27.060300605165605
36.0,0.5,II,210,1200.0,0.901,27.06974519392473
36.0,0.5,II,210,1200.0,0.902,27.07908299406118
36.0,0.5,II,210,1200.0,0.903,27.08831571300209
36.0,0.5,II,210,1200.0,0.904,27.097445025431924
36.0,0.5,II,210,1200.0,0.905,27.106472574015378
36.0,0.5,II,210,1200.0,0.906,27.115399970102715
36.0,0.5,II,210,1200.0,0.907,27.124228794417625
36.0,0.5,II,210,1200.0,0.908,27.13296059772818
36.0,0.5,II,210,1200.0,0.909,27.141596901501515
36.0,0.5,II,210,1200.0,0.91,27.150139198542522
36.0,0.5,II,210,1200.0,0.911,27.158588953616878
36.0,0.5,II,210,1200.0,0.912,27.166947604059096
36.0,0.5,II,210,1200.0,0.913,27.17521656036557
36.0,0.5,II,210,1200.0,0.914,27.18339720677364
36.0,0.5,II,210,1200.0,0.915,27.191490901826423
36.0,0.5,II,210,1200.0,0.916,27.199498978924037
36.0,0.5,II,210,1200.0,0.917,27.207422746861695
36.0,0.5,II,210,1200.0,0.918,27.215263490354793
36.0,0.5,II,210,1200.0,0.919,27.22302247055156
36.0,0.5,II,210,1200.0,0.92,27.23070092553331
36.0,0.5,II,210,1200.0,0.921,27.23830007080282
36.0,0.5,II,210,1200.0,0.922,27.2458210997613
36.0,0.5,II,210,1200.0,0.923,27.253265184173728
36.0,0.5,II,210,1200.0,0.924,27.260633474623354
36.0,0.5,II,210,1200.0,0.925,27.267927100955536
36.0,0.5,II,210,1200.0,0.926,27.275147172710952
36.0,0.5,II,210,1200.0,0.927,27.282294779548728
36.0,0.5,II,210,1200.0,0.928,27.289370991659776
36.0,0.5,II,210,1200.0,0.929,27.296376860170135
36.0,0.5,II,210,1200.0,0.93,27.303313417535186
36.0,0.5,II,210,1200.0,0.931,27.310181677924668
36.0,0.5,II,210,1200.0,0.932,27.31698263759849
36.0,0.5,II,210,1200.0,0.933,27.32371727527424
36.0,0.5,II,210,1200.0,0.934,27.330386552485844
36.0,0.5,II,210,1200.0,0.935,27.336991413934136
36.0,0.5,II,210,1200.0,0.936,27.343532787829343
36.0,0.5,II,210,1200.0,0.937,27.350011586225637
36.0,0.5,II,210,1200.0,0.938,27.356428705348094
36.0,0.5,II,210,1200.0,0.939,27.362785025912192
36.0,0.5,II,210,1200.0,0.94,27.369081413435943
36.0,0.5,II,210,1200.0,0.941,27.375318718545063
36.0,0.5,II,210,1200.0,0.942,27.38149777727103
36.0,0.5,II,210,1200.0,0.943,27.387619411342616
36.0,0.5,II,210,1200.0,0.944,27.39368442847067
36.0,0.5,II,210,1200.0,0.945,27.399693622626597
36.0,0.5,II,210,1200.0,0.946,27.405647774314446
36.0,0.5,II,210,1200.0,0.947,27.41154765083708
36.0,0.5,II,210,1200.0,0.948,27.417394006556236
36.0,0.5,II,210,1200.0,0.949,27.423187583146877
36.0,0.5,II,210,1200.0,0.95,27.428929109845928
36.0,0.5,II,210,1200.0,0.951,27.43461930369523
36.0,0.5,II,210,1200.0,0.952,27.44025886977949
36.0,0.5,II,210,1200.0,0.953,27.445848501458705
36.0,0.5,II,210,1200.0,0.954,27.4513888805956
36.0,0.5,II,210,1200.0,0.955,27.456880677777956
36.0,0.5,II,210,1200.0,0.956,27.462324552536117
36.0,0.5,II,210,1200.0,0.957,27.46772115355582
36.0,0.5,II,210,1200.0,0.958,27.47307111888626
36.0,0.5,II,210,1200.0,0.959,27.478375076143585
36.0,0.5,II,210,1200.0,0.96,27.48363364271028
36.0,0.5,II,210,1200.0,0.961,27.4888474259297
36.0,0.5,II,210,1200.0,0.962,27.494017023296987
36.0,0.5,II,210,1200.0,0.963,27.499143022645427
36.0,0.5,II,210,1200.0,0.964,27.50422600232897
36.0,0.5,II,210,1200.0,0.965,27.509266531400964
36.0,0.5,II,210,1200.0,0.966,27.51426516978869
36.0,0.5,II,210,1200.0,0.967,27.51922246846463
36.0,0.5,II,210,1200.0,0.968,27.52413896961371
36.0,0.5,II,210,1200.0,0.969,27.52901520679722
36.0,0.5,II,210,1200.0,0.97,27.533851705113207
36.0,0.5,II,210,1200.0,0.971,27.53864898135328
36.0,0.5,II,210,1200.0,0.972,27.54340754415653
36.0,0.5,II,210,1200.0,0.973,27.54812789415974
36.0,0.5,II,210,1200.0,0.974,27.552810524144775
36.0,0.5,II,210,1200.0,0.975,27.557455919182782
36.0,0.5,II,210,1200.0,0.976,27.56206455677522
36.0,0.5,II,210,1200.0,0.977,27.566636906992315
36.0,0.5,II,210,1200.0,0.978,27.571173432608283
36.0,0.5,II,210,1200.0,0.979,27.575674589233895
36.0,0.5,II,210,1200.0,0.98,27.5801408254463
36.0,0.5,II,210,1200.0,0.981,27.584572582916156
36.0,0.5,II,210,1200.0,0.982,27.58897029653216
36.0,0.5,II,210,1200.0,0.983,27.59333439452301
36.0,0.5,II,210,1200.0,0.984,27.59766529857685
36.0,0.5,II,210,1200.0,0.985,27.601963423958253
36.0,0.5,II,210,1200.0,0.986,27.606229179622943
36.0,0.5,II,210,1200.0,0.987,27.61046296832995
36.0,0.5,II,210,1200.0,0.988,27.614665186751765
36.0,0.5,II,210,1200.0,0.989,27.618836225582108
36.0,0.5,II,210,1200.0,0.99,27.622976469641465
36.0,0.5,II,210,1200.0,0.991,27.627086297980654
36.0,0.5,II,210,1200.0,0.992,27.63116608398217
36.0,0.5,II,210,1200.0,0.993,27.63521619545965
36.0,0.5,II,210,1200.0,0.994,27.639236994755173
36.0,0.5,II,210,1200.0,0.995,27.643228838834716
36.0,0.5,II,210,1200.0,0.996,27.64719207938173
36.0,0.5,II,210,1200.0,0.997,27.651127062888833
36.0,0.5,II,210,1200.0,0.998,27.655034130747563
36.0,0.5,II,210,1200.0,0.999,27.65891361933666
36.0,0.5,II,210,1200.0,1.0,27.662765860108294
36.0,0.5,II,210,1200.0,1.001,27.666591179672686
36.0,0.5,II,210,1200.0,1.002,27.670389899881233
36.0,0.5,II,210,1200.0,1.003,27.674162337907777
36.0,0.5,II,210,1200.0,1.004,27.677908806328396
36.0,0.5,II,210,1200.0,1.005,27.681629613199682
36.0,0.5,II,210,1200.0,1.006,27.685325062135426
36.0,0.5,II,210,1200.0,1.007,27.68899545238173
36.0,0.5,II,210,1200.0,1.008,27.692641078890965
36.0,0.5,II,210,1200.0,1.009,27.696262232393934
36.0,0.5,II,210,1200.0,1.01,27.699859199470886
36.0,0.5,II,210,1200.0,1.011,27.703432262621163
36.0,0.5,II,210,1200.0,1.012,27.706981700331298
36.0,0.5,II,210,1200.0,1.013,27.710507787142085
36.0,0.5,II,210,1200.0,1.014,27.71401079371417
36.0,0.5,II,210,1200.0,1.015,27.717490986892557
36.0,0.5,II,210,1200.0,1.016,27.720948629769634
36.0,0.5,II,210,1200.0,1.017,27.724383981747376
36.0,0.5,II,210,1200.0,1.018,27.727797298598034
36.0,0.5,II,210,1200.0,1.019,27.731188832523813
36.0,0.5,II,210,1200.0,1.02,27.73455883221549
36.0,0.5,II,210,1200.0,1.021,27.73790754290983
36.0,0.5,II,210,1200.0,1.022,27.741235206445953
36.0,0.5,II,210,1200.0,1.023,27.744542061320672
36.0,0.5,II,210,1200.0,1.024,27.747828342742817
36.0,0.5,II,210,1200.0,1.025,27.751094282686523
36.0,0.5,II,210,1200.0,1.026,27.754340109943378
36.0,0.5,II,210,1200.0,1.027,27.75756605017402
36.0,0.5,II,210,1200.0,1.028,27.76077232595828
36.0,0.5,II,210,1200.0,1.029,27.76395915684472
36.0,0.5,II,210,1200.0,1.03,27.767126759399208
36.0,0.5,II,210,1200.0,1.031,27.770275347252518
36.0,0.5,II,210,1200.0,1.032,27.773405131147126
36.0,0.5,II,210,1200.0,1.033,27.776516318983177
36.0,0.5,II,210,1200.0,1.034,27.77960911586349
36.0,0.5,II,210,1200.0,1.035,27.7826837241379
36.0,0.5,II,210,1200.0,1.036,27.78574034344672
36.0,0.5,II,210,1200.0,1.037,27.788779170763387
36.0,0.5,II,210,1200.0,1.038,27.791800400436323
36.0,0.5,II,210,1200.0,1.039,27.79480422423029
36.0,0.5,II,210,1200.0,1.04,27.797790831366544
36.0,0.5,II,210,1200.0,1.041,27.80076040856272
36.0,0.5,II,210,1200.0,1.042,27.803713140071736
36.0,0.5,II,210,1200.0,1.043,27.806649207720074
36.0,0.5,II,210,1200.0,1.044,27.80956879094539
36.0,0.5,II,210,1200.0,1.045,27.81247206683351
36.0,0.5,II,210,1200.0,1.046,27.81535921015461
36.0,0.5,II,210,1200.0,1.047,27.81823039339887
36.0,0.5,II,210,1200.0,1.048,27.821085786811594
36.0,0.5,II,210,1200.0,1.049,27.82392555842749
36.0,0.5,II,210,1200.0,1.05,27.826749874104504
36.0,0.5,II,210,1200.0,1.051,27.82955889755695
36.0,0.5,II,210,1200.0,1.052,27.83235279038827
36.0,0.5,II,210,1200.0,1.053,27.835131712122877
36.0,0.5,II,210,1200.0,1.054,27.837895820237897
36.0,0.5,II,210,1200.0,1.055,27.840645270193825
36.0,0.5,II,210,1200.0,1.056,27.84338021546521
36.0,0.5,II,210,1200.0,1.057,27.84610080757031
36.0,0.5,II,210,1200.0,1.058,27.84880719610056
36.0,0.5,II,210,1200.0,1.059,27.851499528749414
36.0,0.5,II,210,1200.0,1.06,27.854177951340723
36.0,0.5,II,210,1200.0,1.061,27.856842607856528
36.0,0.5,II,210,1200.0,1.062,27.8594936404646
36.0,0.5,II,210,1200.0,1.063,27.86213118954524
36.0,0.5,II,210,1200.0,1.064,27.864755393717815
36.0,0.5,II,210,1200.0,1.065,27.86736638986668
36.0,0.5,II,210,1200.0,1.066,27.869964313166967
36.0,0.5,II,210,1200.0,1.067,27.872549297109565
36.0,0.5,II,210,1200.0,1.068,27.875121473525795
36.0,0.5,II,210,1200.0,1.069,27.87768097261189
36.0,0.5,II,210,1200.0,1.07,27.880227922952734
36.0,0.5,II,210,1200.0,1.071,27.882762451545485
36.0,0.5,II,210,1200.0,1.072,27.88528468382257
36.0,0.5,II,210,1200.0,1.073,27.88779474367445
36.0,0.5,II,210,1200.0,1.074,27.89029275347192
36.0,0.5,II,210,1200.0,1.075,27.892778834088148
36.0,0.5,II,210,1200.0,1.076,27.895253104920258
36.0,0.5,II,210,1200.0,1.077,27.897715683910455
36.0,0.5,II,210,1200.0,1.078,27.900166687567094
36.0,0.5,II,210,1200.0,1.079,27.902606230985057
36.0,0.5,II,210,1200.0,1.08,27.905034427866106
36.0,0.5,II,210,1200.0,1.081,27.907451390538668
36.0,0.5,II,210,1200.0,1.082,27.90985722997746
36.0,0.5,II,210,1200.0,1.083,27.91225205582258
36.0,0.5,II,210,1200.0,1.084,27.91463597639857
36.0,0.5,II,210,1200.0,1.085,27.91700909873299
36.0,0.5,II,210,1200.0,1.086,27.919371528574707
36.0,0.5,II,210,1200.0,1.087,27.92172337041185
36.0,0.5,II,210,1200.0,1.088,27.924064727489622
36.0,0.5,II,210,1200.0,1.089,27.92639570182765
36.0,0.5,II,210,1200.0,1.09,27.92871639423726
36.0,0.5,II,210,1200.0,1.091,27.93102690433815
36.0,0.5,II,210,1200.0,1.092,27.933327330575217
36.0,0.5,II,210,1200.0,1.093,27.935617770234693
36.0,0.5,II,210,1200.0,1.094,27.93789831946039
36.0,0.5,II,210,1200.0,1.095,27.94016907326941
36.0,0.5,II,210,1200.0,1.096,27.94243012556775
36.0,0.5,II,210,1200.0,1.097,27.94468156916561
36.0,0.5,II,210,1200.0,1.098,27.946923495792515
36.0,0.5,II,210,1200.0,1.099,27.94915599611211
36.0,0.5,II,210,1200.0,1.1,27.95137915973676
36.0,0.5,II,210,1200.0,1.101,27.953593075241944
36.0,0.5,II,210,1200.0,1.102,27.955797830180416
36.0,0.5,II,210,1200.0,1.103,27.95799351109608
36.0,0.5,II,210,1200.0,1.104,27.960180203537796
36.0,0.5,II,210,1200.0,1.105,27.962357992072775
36.0,0.5,II,210,1200.0,1.106,27.964526960299892
36.0,0.5,II,210,1200.0,1.107,27.966687190862796
36.0,0.5,II,210,1200.0,1.108,27.968838765462728
36.0,0.5,II,210,1200.0,1.109,27.970981764871276
36.0,0.5,II,210,1200.0,1.11,27.973116268942757
36.0,0.5,II,210,1200.0,1.111,27.9752423566266
36.0,0.5,II,210,1200.0,1.112,27.97736010597934
36.0,0.5,II,210,1200.0,1.113,27.979469594176592
36.0,0.5,II,210,1200.0,1.114,27.981570897524808
36.0,0.5,II,210,1200.0,1.115,27.983664091472736
36.0,0.5,II,210,1200.0,1.116,27.985749250622888
36.0,0.5,II,210,1200.0,1.117,27.98782644874263
36.0,0.5,II,210,1200.0,1.118,27.989895758775294
36.0,0.5,II,210,1200.0,1.119,27.99195725285104
36.0,0.5,II,210,1200.0,1.12,27.994011002297505
36.0,0.5,II,210,1200.0,1.121,27.996057077650327
36.0,0.5,II,210,1200.0,1.122,27.998095548663567
36.0,0.5,II,210,1200.0,1.123,28.00012648431994
36.0,0.5,II,210,1200.0,1.124,28.0021499528408
36.0,0.5,II,210,1200.0,1.125,28.004166021696115
36.0,0.5,II,210,1200.0,1.126,28.006174757614176
36.0,0.5,II,210,1200.0,1.127,28.008176226591345
36.0,0.5,II,210,1200.0,1.128,28.010170493901327
36.0,0.5,II,210,1200.0,1.129,28.01215762410473
36.0,0.5,II,210,1200.0,1.13,28.014137681058056
36.0,0.5,II,210,1200.0,1.131,28.01611072792285
36.0,0.5,II,210,1200.0,1.132,28.018076827174696
36.0,0.5,II,210,1200.0,1.133,28.020036040611878
36.0,0.5,II,210,1200.0,1.134,28.021988429364058
36.0,0.5,II,210,1200.0,1.135,28.023934053900966
36.0,0.5,II,210,1200.0,1.136,28.02587297404063
36.0,0.5,II,210,1200.0,1.137,28.027805248957677
36.0,0.5,II,210,1200.0,1.138,28.029730937191683
36.0,0.5,II,210,1200.0,1.139,28.03165009665492
36.0,0.5,II,210,1200.0,1.14,28.03356278464058
36.0,0.5,II,210,1200.0,1.141,28.03546905783041
36.0,0.5,II,210,1200.0,1.142,28.03736897230246
36.0,0.5,II,210,1200.0,1.143,28.039262583538665
36.0,0.5,II,210,1200.0,1.144,28.041149946432284
36.0,0.5,II,210,1200.0,1.145,28.043031115295406
36.0,0.5,II,210,1200.0,1.146,28.044906143865994
36.0,0.5,II,210,1200.0,1.147,28.046775085315335
36.0,0.5,II,210,1200.0,1.148,28.04863799225476
36.0,0.5,II,210,1200.0,1.149,28.050494916742892
36.0,0.5,II,210,1200.0,1.15,28.05234591029229
36.0,0.5,II,210,1200.0,1.151,28.05419102387636
36.0,0.5,II,210,1200.0,1.152,28.056030307935913
36.0,0.5,II,210,1200.0,1.153,28.05786381238581
36.0,0.5,II,210,1200.0,1.154,28.059691586621337
36.0,0.5,II,210,1200.0,1.155,28.061513679524694
36.0,0.5,II,210,1200.0,1.156,28.063330139471212
36.0,0.5,II,210,1200.0,1.157,28.06514101433558
36.0,0.5,II,210,1200.0,1.158,28.066946351497982
36.0,0.5,II,210,1200.0,1.159,28.06874619785005
36.0,0.5,II,210,1200.0,1.16,28.070540599800935
36.0,0.5,II,210,1200.0,1.161,28.07232960328306
36.0,0.5,II,210,1200.0,1.162,28.074113253757893
36.0,0.5,II,210,1200.0,1.163,28.075891596221766
36.0,0.5,II,210,1200.0,1.164,28.07766467521133
36.0,0.5,II,210,1200.0,1.165,28.07943253480924
36.0,0.5,II,210,1200.0,1.166,28.081195218649512
36.0,0.5,II,210,1200.0,1.167,28.082952769923025
36.0,0.5,II,210,1200.0,1.168,28.084705231382678
36.0,0.5,II,210,1200.0,1.169,28.086452645348796
36.0,0.5,II,210,1200.0,1.17,28.088195053714117
36.0,0.5,II,210,1200.0,1.171,28.089932497949096
36.0,0.5,II,210,1200.0,1.172,28.091665019106806
36.0,0.5,II,210,1200.0,1.173,28.09339265782784
36.0,0.5,II,210,1200.0,1.174,28.095115454345375
36.0,0.5,II,210,1200.0,1.175,28.096833448489832
36.0,0.5,II,210,1200.0,1.176,28.098546679693715
36.0,0.5,II,210,1200.0,1.177,28.100255186996268
36.0,0.5,II,210,1200.0,1.178,28.101959009048187
36.0,0.5,II,210,1200.0,1.179,28.103658184116007
36.0,0.5,II,210,1200.0,1.18,28.105352750086823
36.0,0.5,II,210,1200.0,1.181,28.10704274447261
36.0,0.5,II,210,1200.0,1.182,28.10872820441455
36.0,0.5,II,210,1200.0,1.183,28.110409166687532
36.0,0.5,II,210,1200.0,1.184,28.11208566770424
36.0,0.5,II,210,1200.0,1.185,28.113757743519518
36.0,0.5,II,210,1200.0,1.186,28.11542542983431
36.0,0.5,II,210,1200.0,1.187,28.117088762000076
36.0,0.5,II,210,1200.0,1.188,28.11874777502251
36.0,0.5,II,210,1200.0,1.189,28.120402503565717
36.0,0.5,II,210,1200.0,1.19,28.12205298195606
36.0,0.5,II,210,1200.0,1.191,28.123699244186156
36.0,0.5,II,210,1200.0,1.192,28.125341323918562
36.0,0.5,II,210,1200.0,1.193,28.12697925448964
36.0,0.5,II,210,1200.0,1.194,28.128613068913346
36.0,0.5,II,210,1200.0,1.195,28.130242799884755
36.0,0.5,II,210,1200.0,1.196,28.131868479783783
36.0,0.5,II,210,1200.0,1.197,28.133490140678845
36.0,0.5,II,210,1200.0,1.198,28.135107814330247
36.0,0.5,II,210,1200.0,1.199,28.13672153219379
36.0,0.5,II,210,1200.0,1.2,28.13833132542411
36.0,1.0,II,210,1200.0,0.654,5.499798651181415
36.0,1.0,II,210,1200.0,0.655,5.510076737141762
36.0,1.0,II,210,1200.0,0.656,5.525953323651588
36.0,1.0,II,210,1200.0,0.657,5.547428017757069
36.0,1.0,II,210,1200.0,0.658,5.574498334979389
36.0,1.0,II,210,1200.0,0.659,5.607159703662273
36.0,1.0,II,210,1200.0,0.66,5.645405473091915
36.0,1.0,II,210,1200.0,0.661,5.689226925346464
36.0,1.0,II,210,1200.0,0.662,5.738613290828681
36.0,1.0,II,210,1200.0,0.663,5.793551767418167
36.0,1.0,II,210,1200.0,0.664,5.854027543164893
36.0,1.0,II,210,1200.0,0.665,5.920023822432025
36.0,1.0,II,210,1200.0,0.666,5.991521855382372
36.0,1.0,II,210,1200.0,0.667,6.068500970690543
36.0,1.0,II,210,1200.0,0.668,6.150938611350983
36.0,1.0,II,210,1200.0,0.669,6.238810373441283
36.0,1.0,II,210,1200.0,0.67,6.332090047690335
36.0,1.0,II,210,1200.0,0.671,6.430749663692089
36.0,1.0,II,210,1200.0,0.672,6.534759536597741
36.0,1.0,II,210,1200.0,0.673,6.644088316112881
36.0,1.0,II,210,1200.0,0.674,6.758703037620089
36.0,1.0,II,210,1200.0,0.675,6.878569175243419
36.0,1.0,II,210,1200.0,0.676,7.003650696667716
36.0,1.0,II,210,1200.0,0.677,7.13391011952358
36.0,1.0,II,210,1200.0,0.678,7.2693085691475545
36.0,1.0,II,210,1200.0,0.679,7.409805837527283
36.0,1.0,II,210,1200.0,0.68,7.555360443241961
36.0,1.0,II,210,1200.0,0.681,7.705929692210963
36.0,1.0,II,210,1200.0,0.682,7.861469739060561
36.0,1.0,II,210,1200.0,0.683,8.021935648951635
36.0,1.0,II,210,1200.0,0.684,8.1872814596481
36.0,1.0,II,210,1200.0,0.685,8.357460243694913
36.0,1.0,II,210,1200.0,0.686,8.53242417052308
36.0,1.0,II,210,1200.0,0.687,8.712124568325335
36.0,1.0,II,210,1200.0,0.688,8.896511985551108
36.0,1.0,II,210,1200.0,0.689,9.085536251876738
36.0,1.0,II,210,1200.0,0.69,9.279146538514542
36.0,1.0,II,210,1200.0,0.691,9.477291417732717
36.0,1.0,II,210,1200.0,0.692,9.679918921466308
36.0,1.0,II,210,1200.0,0.693,9.886976598908232
36.0,1.0,II,210,1200.0,0.694,10.09841157297784
36.0,1.0,II,210,1200.0,0.695,10.313906947778875
36.0,1.0,II,210,1200.0,0.696,10.529412851225803
36.0,1.0,II,210,1200.0,0.697,10.743531369749428
36.0,1.0,II,210,1200.0,0.698,10.956215222530528
36.0,1.0,II,210,1200.0,0.699,11.16741892588843
36.0,1.0,II,210,1200.0,0.7,11.377098820724015
36.0,1.0,II,210,1200.0,0.701,11.585213095418133
36.0,1.0,II,210,1200.0,0.702,11.791721804244567
36.0,1.0,II,210,1200.0,0.703,11.996586881372483
36.0,1.0,II,210,1200.0,0.704,12.199772150548391
36.0,1.0,II,210,1200.0,0.705,12.401243330561648
36.0,1.0,II,210,1200.0,0.706,12.600968036610787
36.0,1.0,II,210,1200.0,0.707,12.798915777699412
36.0,1.0,II,210,1200.0,0.708,12.995057950201348
36.0,1.0,II,210,1200.0,0.709,13.189367827744698
36.0,1.0,II,210,1200.0,0.71,13.381820547572309
36.0,1.0,II,210,1200.0,0.711,13.57239309354411
36.0,1.0,II,210,1200.0,0.712,13.76106427595246
36.0,1.0,II,210,1200.0,0.713,13.947814708327225
36.0,1.0,II,210,1200.0,0.714,14.132626781410952
36.0,1.0,II,210,1200.0,0.715,14.315484634487575
36.0,1.0,II,210,1200.0,0.716,14.496374124249957
36.0,1.0,II,210,1200.0,0.717,14.675282791392554
36.0,1.0,II,210,1200.0,0.718,14.852199825115552
36.0,1.0,II,210,1200.0,0.719,15.027116025725569
36.0,1.0,II,210,1200.0,0.72,15.20002376551699
36.0,1.0,II,210,1200.0,0.721,15.370916948114346
36.0,1.0,II,210,1200.0,0.722,15.539790966454577
36.0,1.0,II,210,1200.0,0.723,15.70664265958243
36.0,1.0,II,210,1200.0,0.724,15.871470268428922
36.0,1.0,II,210,1200.0,0.725,16.034273390737397
36.0,1.0,II,210,1200.0,0.726,16.195052935296243
36.0,1.0,II,210,1200.0,0.727,16.353811075631434
36.0,1.0,II,210,1200.0,0.728,16.51055120330595
36.0,1.0,II,210,1200.0,0.729,16.665277880966357
36.0,1.0,II,210,1200.0,0.73,16.81799679527053
36.0,1.0,II,210,1200.0,0.731,16.96871470982278
36.0,1.0,II,210,1200.0,0.732,17.117439418236202
36.0,1.0,II,210,1200.0,0.733,17.264179697434834
36.0,1.0,II,210,1200.0,0.734,17.40894526130042
36.0,1.0,II,210,1200.0,0.735,17.551746714762107
36.0,1.0,II,210,1200.0,0.736,17.692595508419675
36.0,1.0,II,210,1200.0,0.737,17.831503893783857
36.0,1.0,II,210,1200.0,0.738,17.96848487921074
36.0,1.0,II,210,1200.0,0.739,18.103552186599828
36.0,1.0,II,210,1200.0,0.74,18.23672020891866
36.0,1.0,II,210,1200.0,0.741,18.368003968611013
36.0,1.0,II,210,1200.0,0.742,18.49741907693867
36.0,1.0,II,210,1200.0,0.743,18.62498169430088
36.0,1.0,II,210,1200.0,0.744,18.750708491570087
36.0,1.0,II,210,1200.0,0.745,18.874616612476427
36.0,1.0,II,210,1200.0,0.746,18.996723637068612
36.0,1.0,II,210,1200.0,0.747,19.11704754627337
36.0,1.0,II,210,1200.0,0.748,19.235606687570957
36.0,1.0,II,210,1200.0,0.749,19.35241974180007
36.0,1.0,II,210,1200.0,0.75,19.467505691100424
36.0,1.0,II,210,1200.0,0.751,19.580883787998225
36.0,1.0,II,210,1200.0,0.752,19.69257352563541
36.0,1.0,II,210,1200.0,0.753,19.802594609140314
36.0,1.0,II,210,1200.0,0.754,19.910966928134233
36.0,1.0,II,210,1200.0,0.755,20.017710530365665
36.0,1.0,II,210,1200.0,0.756,20.122845596460575
36.0,1.0,II,210,1200.0,0.757,20.226392415775873
36.0,1.0,II,210,1200.0,0.758,20.328371363339635
36.0,1.0,II,210,1200.0,0.759,20.42880287786088
36.0,1.0,II,210,1200.0,0.76,20.527707440789204
36.0,1.0,II,210,1200.0,0.761,20.625105556403277
36.0,1.0,II,210,1200.0,0.762,20.72101773290578
36.0,1.0,II,210,1200.0,0.763,20.81546446450121
36.0,1.0,II,210,1200.0,0.764,20.908466214432202
36.0,1.0,II,210,1200.0,0.765,21.000043398948478
36.0,1.0,II,210,1200.0,0.766,21.090216372182706
36.0,1.0,II,210,1200.0,0.767,21.179005411906623
36.0,1.0,II,210,1200.0,0.768,21.266430706139985
36.0,1.0,II,210,1200.0,0.769,21.352512340585385
36.0,1.0,II,210,1200.0,0.77,21.437270286861057
36.0,1.0,II,210,1200.0,0.771,21.520724391504437
36.0,1.0,II,210,1200.0,0.772,21.60289436571842
36.0,1.0,II,210,1200.0,0.773,21.683799775833236
36.0,1.0,II,210,1200.0,0.774,21.763460034456283
36.0,1.0,II,210,1200.0,0.775,21.841894392283372
36.0,1.0,II,210,1200.0,0.776,21.91912193054403
36.0,1.0,II,210,1200.0,0.777,21.99516155405501
36.0,1.0,II,210,1200.0,0.778,22.070031984856065
36.0,1.0,II,210,1200.0,0.779,22.143751756402267
36.0,1.0,II,210,1200.0,0.78,22.216339208288353
36.0,1.0,II,210,1200.0,0.781,22.287812481480373
36.0,1.0,II,210,1200.0,0.782,22.35818951403116
36.0,1.0,II,210,1200.0,0.783,22.427488037256413
36.0,1.0,II,210,1200.0,0.784,22.495725572348547
36.0,1.0,II,210,1200.0,0.785,22.562919427406857
36.0,1.0,II,210,1200.0,0.786,22.62908669486232
36.0,1.0,II,210,1200.0,0.787,22.69424424927683
36.0,1.0,II,210,1200.0,0.788,22.758408745496503
36.0,1.0,II,210,1200.0,0.789,22.821596617140074
36.0,1.0,II,210,1200.0,0.79,22.88382407540384
36.0,1.0,II,210,1200.0,0.791,22.945107108164834
36.0,1.0,II,210,1200.0,0.792,23.00546147936538
36.0,1.0,II,210,1200.0,0.793,23.064902728662165
36.0,1.0,II,210,1200.0,0.794,23.123446171323828
36.0,1.0,II,210,1200.0,0.795,23.181106898361893
36.0,1.0,II,210,1200.0,0.796,23.23789977688021
36.0,1.0,II,210,1200.0,0.797,23.293839450628724
36.0,1.0,II,210,1200.0,0.798,23.348940340748253
36.0,1.0,II,210,1200.0,0.799,23.40321664669327
36.0,1.0,II,210,1200.0,0.8,23.45668234732027
36.0,1.0,II,210,1200.0,0.801,23.509351202130134
36.0,1.0,II,210,1200.0,0.802,23.561236752652903
36.0,1.0,II,210,1200.0,0.803,23.612352323964778
36.0,1.0,II,210,1200.0,0.804,23.662711026326583
36.0,1.0,II,210,1200.0,0.805,23.712325756934423
36.0,1.0,II,210,1200.0,0.806,23.761209201772974
36.0,1.0,II,210,1200.0,0.807,23.809373837562923
36.0,1.0,II,210,1200.0,0.808,23.85683193379409
36.0,1.0,II,210,1200.0,0.809,23.903595554836308
36.0,1.0,II,210,1200.0,0.81,23.949676562120892
36.0,1.0,II,210,1200.0,0.811,23.995086616385
36.0,1.0,II,210,1200.0,0.812,24.039837179973134
36.0,1.0,II,210,1200.0,0.813,24.083939519188366
36.0,1.0,II,210,1200.0,0.814,24.12740470668855
36.0,1.0,II,210,1200.0,0.815,24.17024362392062
36.0,1.0,II,210,1200.0,0.816,24.212466963588692
36.0,1.0,II,210,1200.0,0.817,24.25408523215067
36.0,1.0,II,210,1200.0,0.818,24.295108752338347
36.0,1.0,II,210,1200.0,0.819,24.33554766569698
36.0,1.0,II,210,1200.0,0.82,24.375411935140246
36.0,1.0,II,210,1200.0,0.821,24.414711347516363
36.0,1.0,II,210,1200.0,0.822,24.453455516182082
36.0,1.0,II,210,1200.0,0.823,24.491653883580966
36.0,1.0,II,210,1200.0,0.824,24.529315723822922
36.0,1.0,II,210,1200.0,0.825,24.566450145262007
36.0,1.0,II,210,1200.0,0.826,24.603066093069607
36.0,1.0,II,210,1200.0,0.827,24.639172351800806
36.0,1.0,II,210,1200.0,0.828,24.67477754795111
36.0,1.0,II,210,1200.0,0.829,24.70989015250174
36.0,1.0,II,210,1200.0,0.83,24.74451848345123
36.0,1.0,II,210,1200.0,0.831,24.778670708331383
36.0,1.0,II,210,1200.0,0.832,24.81235484670632
36.0,1.0,II,210,1200.0,0.833,24.84557877265238
36.0,1.0,II,210,1200.0,0.834,24.87835021721793
36.0,1.0,II,210,1200.0,0.835,24.910676770861528
36.0,1.0,II,210,1200.0,0.836,24.942565885867257
36.0,1.0,II,210,1200.0,0.837,24.974024878736188
36.0,1.0,II,210,1200.0,0.838,25.005060932553047
36.0,1.0,II,210,1200.0,0.839,25.035681099326666
36.0,1.0,II,210,1200.0,0.84,25.065892302304594
36.0,1.0,II,210,1200.0,0.841,25.09570133825949
36.0,1.0,II,210,1200.0,0.842,25.125114879748356
36.0,1.0,II,210,1200.0,0.843,25.154139477342813
36.0,1.0,II,210,1200.0,0.844,25.18278156183061
36.0,1.0,II,210,1200.0,0.845,25.211047446387646
36.0,1.0,II,210,1200.0,0.846,25.238943328720374
36.0,1.0,II,210,1200.0,0.847,25.26647529317802
36.0,1.0,II,210,1200.0,0.848,25.29364931283465
36.0,1.0,II,210,1200.0,0.849,25.32047125154092
36.0,1.0,II,210,1200.0,0.85,25.346946865944965
36.0,1.0,II,210,1200.0,0.851,25.37308180748293
36.0,1.0,II,210,1200.0,0.852,25.398881624338664
36.0,1.0,II,210,1200.0,0.853,25.424351763372606
36.0,1.0,II,210,1200.0,0.854,25.449497572020373
36.0,1.0,II,210,1200.0,0.855,25.474324300160283
36.0,1.0,II,210,1200.0,0.856,25.49883710195079
36.0,1.0,II,210,1200.0,0.857,25.523041037637192
36.0,1.0,II,210,1200.0,0.858,25.546941075328398
36.0,1.0,II,210,1200.0,0.859,25.5705420927435
36.0,1.0,II,210,1200.0,0.86,25.593848878928522
36.0,1.0,II,210,1200.0,0.861,25.61686613594363
36.0,1.0,II,210,1200.0,0.862,25.639598480520803
36.0,1.0,II,210,1200.0,0.863,25.662050445692547
36.0,1.0,II,210,1200.0,0.864,25.684226482391633
36.0,1.0,II,210,1200.0,0.865,25.70613096102239
36.0,1.0,II,210,1200.0,0.866,25.727768173003685
36.0,1.0,II,210,1200.0,0.867,25.749142332283743
36.0,1.0,II,210,1200.0,0.868,25.77025757682794
36.0,1.0,II,210,1200.0,0.869,25.791117970078474
36.0,1.0,II,210,1200.0,0.87,25.811727502387804
36.0,1.0,II,210,1200.0,0.871,25.83209009242511
36.0,1.0,II,210,1200.0,0.872,25.852209588556498
36.0,1.0,II,210,1200.0,0.873,25.872089770199544
36.0,1.0,II,210,1200.0,0.874,25.89173434915199
36.0,1.0,II,210,1200.0,0.875,25.911146970895615
36.0,1.0,II,210,1200.0,0.876,25.930331215874904
36.0,1.0,II,210,1200.0,0.877,25.94929060075177
36.0,1.0,II,210,1200.0,0.878,25.968028579635824
36.0,1.0,II,210,1200.0,0.879,25.98654854529107
36.0,1.0,II,210,1200.0,0.88,26.004853830319494
36.0,1.0,II,210,1200.0,0.881,26.022947708321432
36.0,1.0,II,210,1200.0,0.882,26.040833395033637
36.0,1.0,II,210,1200.0,0.883,26.058514049444973
36.0,1.0,II,210,1200.0,0.884,26.075992774890445
36.0,1.0,II,210,1200.0,0.885,26.093272620123635
36.0,1.0,II,210,1200.0,0.886,26.110356580368318
36.0,1.0,II,210,1200.0,0.887,26.127247598349097
36.0,1.0,II,210,1200.0,0.888,26.143948565301827
36.0,1.0,II,210,1200.0,0.889,26.160462321964147
36.0,1.0,II,210,1200.0,0.89,26.176791659546296
36.0,1.0,II,210,1200.0,0.891,26.192939320682594
36.0,1.0,II,210,1200.0,0.892,26.20890800036412
36.0,1.0,II,210,1200.0,0.893,26.224700346852856
36.0,1.0,II,210,1200.0,0.894,26.24031896257755
36.0,1.0,II,210,1200.0,0.895,26.255766405011634
36.0,1.0,II,210,1200.0,0.896,26.27104518753362
36.0,1.0,II,210,1200.0,0.897,26.28615778027055
36.0,1.0,II,210,1200.0,0.898,26.30110661092405
36.0,1.0,II,210,1200.0,0.899,26.315894065580242
36.0,1.0,II,210,1200.0,0.9,26.330522489503362
36.0,1.0,II,210,1200.0,0.901,26.344994187913137
36.0,1.0,II,210,1200.0,0.902,26.359311426746924
36.0,1.0,II,210,1200.0,0.903,26.37347643340638
36.0,1.0,II,210,1200.0,0.904,26.387491397488905
36.0,1.0,II,210,1200.0,0.905,26.40135847150485
36.0,1.0,II,210,1200.0,0.906,26.41507977157982
36.0,1.0,II,210,1200.0,0.907,26.428657378143036
36.0,1.0,II,210,1200.0,0.908,26.442093336601864
36.0,1.0,II,210,1200.0,0.909,26.455389658002783
36.0,1.0,II,210,1200.0,0.91,26.46854831967883
36.0,1.0,II,210,1200.0,0.911,26.481571265884185
36.0,1.0,II,210,1200.0,0.912,26.49446040841611
36.0,1.0,II,210,1200.0,0.913,26.507217627223962
36.0,1.0,II,210,1200.0,0.914,26.519844771006284
36.0,1.0,II,210,1200.0,0.915,26.532343657795742
36.0,1.0,II,210,1200.0,0.916,26.54471607553232
36.0,1.0,II,210,1200.0,0.917,26.556963782624962
36.0,1.0,II,210,1200.0,0.918,26.569088508501853
36.0,1.0,II,210,1200.0,0.919,26.581091954149862
36.0,1.0,II,210,1200.0,0.92,26.592975792642775
36.0,1.0,II,210,1200.0,0.921,26.604741669659337
36.0,1.0,II,210,1200.0,0.922,26.61639120399054
36.0,1.0,II,210,1200.0,0.923,26.62792598803688
36.0,1.0,II,210,1200.0,0.924,26.639347588295678
36.0,1.0,II,210,1200.0,0.925,26.65065754583863
36.0,1.0,II,210,1200.0,0.926,26.66185737677962
36.0,1.0,II,210,1200.0,0.927,26.67294857273335
36.0,1.0,II,210,1200.0,0.928,26.683932601264832
36.0,1.0,II,210,1200.0,0.929,26.694810906329746
36.0,1.0,II,210,1200.0,0.93,26.705584908706026
36.0,1.0,II,210,1200.0,0.931,26.71625600641695
36.0,1.0,II,210,1200.0,0.932,26.726825575145654
36.0,1.0,II,210,1200.0,0.933,26.73729496864163
36.0,1.0,II,210,1200.0,0.934,26.747665519118705
36.0,1.0,II,210,1200.0,0.935,26.757938537645646
36.0,1.0,II,210,1200.0,0.936,26.76811531452856
36.0,1.0,II,210,1200.0,0.937,26.77819711968589
36.0,1.0,II,210,1200.0,0.938,26.788185203016106
36.0,1.0,II,210,1200.0,0.939,26.798080794757873
36.0,1.0,II,210,1200.0,0.94,26.807885105843248
36.0,1.0,II,210,1200.0,0.941,26.817599328243833
36.0,1.0,II,210,1200.0,0.942,26.827224635310245
36.0,1.0,II,210,1200.0,0.943,26.836762182104565
36.0,1.0,II,210,1200.0,0.944,26.84621310572675
36.0,1.0,II,210,1200.0,0.945,26.855578525634076
36.0,1.0,II,210,1200.0,0.946,26.86485954395473
36.0,1.0,II,210,1200.0,0.947,26.874057245795075
36.0,1.0,II,210,1200.0,0.948,26.8831726995409
36.0,1.0,II,210,1200.0,0.949,26.892206957152773
36.0,1.0,II,210,1200.0,0.95,26.90116105445567
36.0,1.0,II,210,1200.0,0.951,26.91003601142306
36.0,1.0,II,210,1200.0,0.952,26.91883283245514
36.0,1.0,II,210,1200.0,0.953,26.9275525066519
36.0,1.0,II,210,1200.0,0.954,26.93619600808097
36.0,1.0,II,210,1200.0,0.955,26.944764296039935
36.0,1.0,II,210,1200.0,0.956,26.953258315313974
36.0,1.0,II,210,1200.0,0.957,26.96167899642815
36.0,1.0,II,210,1200.0,0.958,26.970027255895047
36.0,1.0,II,210,1200.0,0.959,26.97830399645757
36.0,1.0,II,210,1200.0,0.96,26.986510107327124
36.0,1.0,II,210,1200.0,0.961,26.99464646441707
36.0,1.0,II,210,1200.0,0.962,27.00271393057182
36.0,1.0,II,210,1200.0,0.963,27.010713355791577
36.0,1.0,II,210,1200.0,0.964,27.018645577452588
36.0,1.0,II,210,1200.0,0.965,27.026511420523377
36.0,1.0,II,210,1200.0,0.966,27.034311697776833
36.0,1.0,II,210,1200.0,0.967,27.042047209998067
36.0,1.0,II,210,1200.0,0.968,27.04971874618854
36.0,1.0,II,210,1200.0,0.969,27.057327083766243
36.0,1.0,II,210,1200.0,0.97,27.064872988762005
36.0,1.0,II,210,1200.0,0.971,27.072357216012126
36.0,1.0,II,210,1200.0,0.972,27.07978050934755
36.0,1.0,II,210,1200.0,0.973,27.087143601779054
36.0,1.0,II,210,1200.0,0.974,27.0944472156794
36.0,1.0,II,210,1200.0,0.975,27.10169206296177
36.0,1.0,II,210,1200.0,0.976,27.108878845254967
36.0,1.0,II,210,1200.0,0.977,27.116008254075275
36.0,1.0,II,210,1200.0,0.978,27.123080970995208
36.0,1.0,II,210,1200.0,0.979,27.130097667808904
36.0,1.0,II,210,1200.0,0.98,27.137059006694706
36.0,1.0,II,210,1200.0,0.981,27.143965640374436
36.0,1.0,II,210,1200.0,0.982,27.15081821226993
36.0,1.0,II,210,1200.0,0.983,27.157617356656562
36.0,1.0,II,210,1200.0,0.984,27.164363698813947
36.0,1.0,II,210,1200.0,0.985,27.171057855173824
36.0,1.0,II,210,1200.0,0.986,27.17770043346526
36.0,1.0,II,210,1200.0,0.987,27.184292032857183
36.0,1.0,II,210,1200.0,0.988,27.190833244098176
36.0,1.0,II,210,1200.0,0.989,27.19732464965391
36.0,1.0,II,210,1200.0,0.99,27.203766823841853
36.0,1.0,II,210,1200.0,0.991,27.21016033296368
36.0,1.0,II,210,1200.0,0.992,27.21650573543505
36.0,1.0,II,210,1200.0,0.993,27.222803581913332
36.0,1.0,II,210,1200.0,0.994,27.22905441542275
36.0,1.0,II,210,1200.0,0.995,27.23525877147717
36.0,1.0,II,210,1200.0,0.996,27.24141717820114
36.0,1.0,II,210,1200.0,0.997,27.247530156448185
36.0,1.0,II,210,1200.0,0.998,27.253598219917222
36.0,1.0,II,210,1200.0,0.999,27.259621875266927
36.0,1.0,II,210,1200.0,1.0,27.265601622227926
36.0,1.0,II,210,1200.0,1.001,27.271537953712972
36.0,1.0,II,210,1200.0,1.002,27.277431355925316
36.0,1.0,II,210,1200.0,1.003,27.28328230846481
36.0,1.0,II,210,1200.0,1.004,27.289091284432434
36.0,1.0,II,210,1200.0,1.005,27.294858750532825
36.0,1.0,II,210,1200.0,1.006,27.30058516717491
36.0,1.0,II,210,1200.0,1.007,27.30627098857097
36.0,1.0,II,210,1200.0,1.008,27.311916662833593
36.0,1.0,II,210,1200.0,1.009,27.317522632071285
36.0,1.0,II,210,1200.0,1.01,27.32308933248217
36.0,1.0,II,210,1200.0,1.011,27.32861719444607
36.0,1.0,II,210,1200.0,1.012,27.334106642615023
36.0,1.0,II,210,1200.0,1.013,27.339558096002058
36.0,1.0,II,210,1200.0,1.014,27.34497196806869
36.0,1.0,II,210,1200.0,1.015,27.35034866681062
36.0,1.0,II,210,1200.0,1.016,27.35568859484199
36.0,1.0,II,210,1200.0,1.017,27.360992149478236
36.0,1.0,II,210,1200.0,1.018,27.366259722817517
36.0,1.0,II,210,1200.0,1.019,27.371491701820663
36.0,1.0,II,210,1200.0,1.02,27.37668846838969
36.0,1.0,II,210,1200.0,1.021,27.3818503994451
36.0,1.0,II,210,1200.0,1.022,27.386977867001676
36.0,1.0,II,210,1200.0,1.023,27.39207123824307
36.0,1.0,II,210,1200.0,1.024,27.39713087559521
36.0,1.0,II,210,1200.0,1.025,27.40215713679812
36.0,1.0,II,210,1200.0,1.026,27.407150374976883
36.0,1.0,II,210,1200.0,1.027,27.41211093871113
36.0,1.0,II,210,1200.0,1.028,27.4170391721034
36.0,1.0,II,210,1200.0,1.029,27.421935414846477
36.0,1.0,II,210,1200.0,1.03,27.426800002289287
36.0,1.0,II,210,1200.0,1.031,27.431633265502118
36.0,1.0,II,210,1200.0,1.032,27.43643553134008
36.0,1.0,II,210,1200.0,1.033,27.441207122506242
36.0,1.0,II,210,1200.0,1.034,27.445948357613148
36.0,1.0,II,210,1200.0,1.035,27.45065955124346
36.0,1.0,II,210,1200.0,1.036,27.45534101400976
36.0,1.0,II,210,1200.0,1.037,27.459993052612962
36.0,1.0,II,210,1200.0,1.038,27.464615969900155
36.0,1.0,II,210,1200.0,1.039,27.469210064921192
36.0,1.0,II,210,1200.0,1.04,27.473775632984513
36.0,1.0,II,210,1200.0,1.041,27.47831296571183
36.0,1.0,II,210,1200.0,1.042,27.482822351092096
36.0,1.0,II,210,1200.0,1.043,27.487304073534606
36.0,1.0,II,210,1200.0,1.044,27.491758413920884
36.0,1.0,II,210,1200.0,1.045,27.496185649656184
36.0,1.0,II,210,1200.0,1.046,27.500586054719722
36.0,1.0,II,210,1200.0,1.047,27.504959899714354
36.0,1.0,II,210,1200.0,1.048,27.509307451915305
36.0,1.0,II,210,1200.0,1.049,27.513628975318127
36.0,1.0,II,210,1200.0,1.05,27.517924730685877
36.0,1.0,II,210,1200.0,1.051,27.52219497559556
36.0,1.0,II,210,1200.0,1.052,27.526439964483696
36.0,1.0,II,210,1200.0,1.053,27.53065994869123
36.0,1.0,II,210,1200.0,1.054,27.53485517650782
36.0,1.0,II,210,1200.0,1.055,27.53902589321507
36.0,1.0,II,210,1200.0,1.056,27.543172341129477
36.0,1.0,II,210,1200.0,1.057,27.547294759644362
36.0,1.0,II,210,1200.0,1.058,27.55139338527132
36.0,1.0,II,210,1200.0,1.059,27.555468451680824
36.0,1.0,II,210,1200.0,1.06,27.559520189742372
36.0,1.0,II,210,1200.0,1.061,27.56354882756389
36.0,1.0,II,210,1200.0,1.062,27.567554590530392
36.0,1.0,II,210,1200.0,1.063,27.57153770134228
36.0,1.0,II,210,1200.0,1.064,27.5754983800528
36.0,1.0,II,210,1200.0,1.065,27.579436844104986
36.0,1.0,II,210,1200.0,1.066,27.583353308368064
36.0,1.0,II,210,1200.0,1.067,27.58724798517317
36.0,1.0,II,210,1200.0,1.068,27.591121084348607
36.0,1.0,II,210,1200.0,1.069,27.59497281325452
36.0,1.0,II,210,1200.0,1.07,27.59880337681689
36.0,1.0,II,210,1200.0,1.071,27.602612977561247
36.0,1.0,II,210,1200.0,1.072,27.606401815645576
36.0,1.0,II,210,1200.0,1.073,27.610170088892936
36.0,1.0,II,210,1200.0,1.074,27.61391799282341
36.0,1.0,II,210,1200.0,1.075,27.617645720685672
36.0,1.0,II,210,1200.0,1.076,27.62135346348793
36.0,1.0,II,210,1200.0,1.077,27.625041410028494
36.0,1.0,II,210,1200.0,1.078,27.62870974692585
36.0,1.0,II,210,1200.0,1.079,27.63235865864825
36.0,1.0,II,210,1200.0,1.08,27.635988327542776
36.0,1.0,II,210,1200.0,1.081,27.6395989338641
36.0,1.0,II,210,1200.0,1.082,27.643190655802723
36.0,1.0,II,210,1200.0,1.083,27.64676366951267
36.0,1.0,II,210,1200.0,1.084,27.65031814913895
36.0,1.0,II,210,1200.0,1.085,27.653854266844608
36.0,1.0,II,210,1200.0,1.086,27.657372192836963
36.0,1.0,II,210,1200.0,1.087,27.66087209539411
36.0,1.0,II,210,1200.0,1.088,27.664354140890318
36.0,1.0,II,210,1200.0,1.089,27.66781849382162
36.0,1.0,II,210,1200.0,1.09,27.671265316830656
36.0,1.0,II,210,1200.0,1.091,27.67469477073125
36.0,1.0,II,210,1200.0,1.092,27.67810701453262
36.0,1.0,II,210,1200.0,1.093,27.681502205463197
36.0,1.0,II,210,1200.0,1.094,27.68488049899422
36.0,1.0,II,210,1200.0,1.095,27.688242048862673
36.0,1.0,II,210,1200.0,1.096,27.69158700709416
36.0,1.0,II,210,1200.0,1.097,27.694915524025337
36.0,1.0,II,210,1200.0,1.098,27.69822774832603
36.0,1.0,II,210,1200.0,1.099,27.701523827020885
36.0,1.0,II,210,1200.0,1.1,27.704803905510953
36.0,1.0,II,210,1200.0,1.101,27.708068127594714
36.0,1.0,II,210,1200.0,1.102,27.711316635488874
36.0,1.0,II,210,1200.0,1.103,27.714549569848963
36.0,1.0,II,210,1200.0,1.104,27.71776706978939
36.0,1.0,II,210,1200.0,1.105,27.720969272903403
36.0,1.0,II,210,1200.0,1.106,27.724156315282737
36.0,1.0,II,210,1200.0,1.107,27.72732833153681
36.0,1.0,II,210,1200.0,1.108,27.730485454811845
36.0,1.0,II,210,1200.0,1.109,27.733627816809523
36.0,1.0,II,210,1200.0,1.11,27.736755547805554
36.0,1.0,II,210,1200.0,1.111,27.739868776667777
36.0,1.0,II,210,1200.0,1.112,27.742967630874162
36.0,1.0,II,210,1200.0,1.113,27.746052236530502
36.0,1.0,II,210,1200.0,1.114,27.749122718387635
36.0,1.0,II,210,1200.0,1.115,27.752179199858894
36.0,1.0,II,210,1200.0,1.116,27.75522180303684
36.0,1.0,II,210,1200.0,1.117,27.75825064870989
36.0,1.0,II,210,1200.0,1.118,27.761265856378838
36.0,1.0,II,210,1200.0,1.119,27.76426754427307
36.0,1.0,II,210,1200.0,1.12,27.76725582936643
36.0,1.0,II,210,1200.0,1.121,27.770230827392894
36.0,1.0,II,210,1200.0,1.122,27.773192652862267
36.0,1.0,II,210,1200.0,1.123,27.776141419075273
36.0,1.0,II,210,1200.0,1.124,27.77907723813866
36.0,1.0,II,210,1200.0,1.125,27.78200022098006
36.0,1.0,II,210,1200.0,1.126,27.78491047736275
36.0,1.0,II,210,1200.0,1.127,27.787808115899765
36.0,1.0,II,210,1200.0,1.128,27.790693244068372
36.0,1.0,II,210,1200.0,1.129,27.793565968224023
36.0,1.0,II,210,1200.0,1.13,27.796426393614137
36.0,1.0,II,210,1200.0,1.131,27.799274624391714
36.0,1.0,II,210,1200.0,1.132,27.802110763628836
36.0,1.0,II,210,1200.0,1.133,27.804934913329816
36.0,1.0,II,210,1200.0,1.134,27.807747174444337
36.0,1.0,II,210,1200.0,1.135,27.810547646880266
36.0,1.0,II,210,1200.0,1.136,27.813336429516333
36.0,1.0,II,210,1200.0,1.137,27.81611362021478
36.0,1.0,II,210,1200.0,1.138,27.818879315833417
36.0,1.0,II,210,1200.0,1.139,27.821633612238127
36.0,1.0,II,210,1200.0,1.14,27.8243766043146
36.0,1.0,II,210,1200.0,1.141,27.827108385980303
36.0,1.0,II,210,1200.0,1.142,27.82982905019609
36.0,1.0,II,210,1200.0,1.143,27.83253868897775
36.0,1.0,II,210,1200.0,1.144,27.835237393407276
36.0,1.0,II,210,1200.0,1.145,27.83792525364418
36.0,1.0,II,210,1200.0,1.146,27.840602358936355
36.0,1.0,II,210,1200.0,1.147,27.843268797631154
36.0,1.0,II,210,1200.0,1.148,27.845924657185964
36.0,1.0,II,210,1200.0,1.149,27.848570024178855
36.0,1.0,II,210,1200.0,1.15,27.851204984319093
36.0,1.0,II,210,1200.0,1.151,27.853829622457276
36.0,1.0,II,210,1200.0,1.152,27.856444022595674
36.0,1.0,II,210,1200.0,1.153,27.859048267898153
36.0,1.0,II,210,1200.0,1.154,27.861642440699974
36.0,1.0,II,210,1200.0,1.155,27.86422662251779
36.0,1.0,II,210,1200.0,1.156,27.86680089405902
36.0,1.0,II,210,1200.0,1.157,27.869365335231507
36.0,1.0,II,210,1200.0,1.158,27.871920025152733
36.0,1.0,II,210,1200.0,1.159,27.874465042159226
36.0,1.0,II,210,1200.0,1.16,27.87700046381551
36.0,1.0,II,210,1200.0,1.161,27.879526366923173
36.0,1.0,II,210,1200.0,1.162,27.88204282752979
36.0,1.0,II,210,1200.0,1.163,27.88454992093752
36.0,1.0,II,210,1200.0,1.164,27.887047721711898
36.0,1.0,II,210,1200.0,1.165,27.889536303690267
36.0,1.0,II,210,1200.0,1.166,27.89201573999017
36.0,1.0,II,210,1200.0,1.167,27.894486103017766
36.0,1.0,II,210,1200.0,1.168,27.896947464475815
36.0,1.0,II,210,1200.0,1.169,27.899399895371936
36.0,1.0,II,210,1200.0,1.17,27.901843466026484
36.0,1.0,II,210,1200.0,1.171,27.904278246080445
36.0,1.0,II,210,1200.0,1.172,27.906704304503165
36.0,1.0,II,210,1200.0,1.173,27.909121709600047
36.0,1.0,II,210,1200.0,1.174,27.91153052902007
36.0,1.0,II,210,1200.0,1.175,27.913930829763288
36.0,1.0,II,210,1200.0,1.176,27.91632267818817
36.0,1.0,II,210,1200.0,1.177,27.918706140018834
36.0,1.0,II,210,1200.0,1.178,27.92108128035233
36.0,1.0,II,210,1200.0,1.179,27.923448163665547
36.0,1.0,II,210,1200.0,1.18,27.925806853822348
36.0,1.0,II,210,1200.0,1.181,27.928157414080395
36.0,1.0,II,210,1200.0,1.182,27.930499907097964
36.0,1.0,II,210,1200.0,1.183,27.932834394940627
36.0,1.0,II,210,1200.0,1.184,27.935160939088007
36.0,1.0,II,210,1200.0,1.185,27.937479600440142
36.0,1.0,II,210,1200.0,1.186,27.93979043932412
36.0,1.0,II,210,1200.0,1.187,27.94209351550031
36.0,1.0,II,210,1200.0,1.188,27.944388888168817
36.0,1.0,II,210,1200.0,1.189,27.9466766159755
36.0,1.0,II,210,1200.0,1.19,27.948956757018323
36.0,1.0,II,210,1200.0,1.191,27.951229368853223
36.0,1.0,II,210,1200.0,1.192,27.95349450850024
36.0,1.0,II,210,1200.0,1.193,27.95575223244933
36.0,1.0,II,210,1200.0,1.194,27.958002596666212
36.0,1.0,II,210,1200.0,1.195,27.960245656598183
36.0,1.0,II,210,1200.0,1.196,27.962481467179675
36.0,1.0,II,210,1200.0,1.197,27.964710082838078
36.0,1.0,II,210,1200.0,1.198,27.966931557499024
36.0,1.0,II,210,1200.0,1.199,27.96914594459203
36.0,1.0,II,210,1200.0,1.2,27.971353297055895
36.0,1.5,II,210,1200.0,0.654,5.4174112840460715
36.0,1.5,II,210,1200.0,0.655,5.425936296436983
36.0,1.5,II,210,1200.0,0.656,5.4386522897523335
36.0,1.5,II,210,1200.0,0.657,5.455556351473358
36.0,1.5,II,210,1200.0,0.658,5.476644587513957
36.0,1.5,II,210,1200.0,0.659,5.501912126614551
36.0,1.5,II,210,1200.0,0.66,5.531353125811807
36.0,1.5,II,210,1200.0,0.661,5.564960776966431
36.0,1.5,II,210,1200.0,0.662,5.602727314333531
36.0,1.5,II,210,1200.0,0.663,5.644644023156692
36.0,1.5,II,210,1200.0,0.664,5.690701249264278
36.0,1.5,II,210,1200.0,0.665,5.740888409644401
36.0,1.5,II,210,1200.0,0.666,5.7951940039724
36.0,1.5,II,210,1200.0,0.667,5.85360562706284
36.0,1.5,II,210,1200.0,0.668,5.916109982215855
36.0,1.5,II,210,1200.0,0.669,5.982692895425792
36.0,1.5,II,210,1200.0,0.67,6.053339330418411
36.0,1.5,II,210,1200.0,0.671,6.128033404481203
36.0,1.5,II,210,1200.0,0.672,6.20675840504995
36.0,1.5,II,210,1200.0,0.673,6.289496807013414
36.0,1.5,II,210,1200.0,0.674,6.376230290696629
36.0,1.5,II,210,1200.0,0.675,6.4669397604825285
36.0,1.5,II,210,1200.0,0.676,6.5616053640306005
36.0,1.5,II,210,1200.0,0.677,6.660206512050582
36.0,1.5,II,210,1200.0,0.678,6.762721898588701
36.0,1.5,II,210,1200.0,0.679,6.86912952178351
36.0,1.5,II,210,1200.0,0.68,6.979406705048057
36.0,1.5,II,210,1200.0,0.681,7.093530118635315
36.0,1.5,II,210,1200.0,0.682,7.211475801541248
36.0,1.5,II,210,1200.0,0.683,7.3332191837123215
36.0,1.5,II,210,1200.0,0.684,7.4587351084966365
36.0,1.5,II,210,1200.0,0.685,7.587997855312797
36.0,1.5,II,210,1200.0,0.686,7.7209811624876
36.0,1.5,II,210,1200.0,0.687,7.857658250222436
36.0,1.5,II,210,1200.0,0.688,7.998001843648272
36.0,1.5,II,210,1200.0,0.689,8.141984195929805
36.0,1.5,II,210,1200.0,0.69,8.28957711138041
36.0,1.5,II,210,1200.0,0.691,8.44075196855057
36.0,1.5,II,210,1200.0,0.692,8.595479743253613
36.0,1.5,II,210,1200.0,0.693,8.753731031493876
36.0,1.5,II,210,1200.0,0.694,8.915476072263694
36.0,1.5,II,210,1200.0,0.695,9.080490085276686
36.0,1.5,II,210,1200.0,0.696,9.245793189609623
36.0,1.5,II,210,1200.0,0.697,9.410366792286915
36.0,1.5,II,210,1200.0,0.698,9.574189371252526
36.0,1.5,II,210,1200.0,0.699,9.737239992255928
36.0,1.5,II,210,1200.0,0.7,9.899498316458796
36.0,1.5,II,210,1200.0,0.701,10.060944607119705
36.0,1.5,II,210,1200.0,0.702,10.221559735367435
36.0,1.5,II,210,1200.0,0.703,10.381325185075838
36.0,1.5,II,210,1200.0,0.704,10.540223056854924
36.0,1.5,II,210,1200.0,0.705,10.698236071174307
36.0,1.5,II,210,1200.0,0.706,10.855347570637479
36.0,1.5,II,210,1200.0,0.707,11.01154152142584
36.0,1.5,II,210,1200.0,0.708,11.166802513933796
36.0,1.5,II,210,1200.0,0.709,11.32111576261678
36.0,1.5,II,210,1200.0,0.71,11.474467105075696
36.0,1.5,II,210,1200.0,0.711,11.626843000401909
36.0,1.5,II,210,1200.0,0.712,11.778230526808045
36.0,1.5,II,210,1200.0,0.713,11.928617378570639
36.0,1.5,II,210,1200.0,0.714,12.077991862311372
36.0,1.5,II,210,1200.0,0.715,12.226342892644006
36.0,1.5,II,210,1200.0,0.716,12.373659987214868
36.0,1.5,II,210,1200.0,0.717,12.519933261164947
36.0,1.5,II,210,1200.0,0.718,12.665153421041957
36.0,1.5,II,210,1200.0,0.719,12.809311758190933
36.0,1.5,II,210,1200.0,0.72,12.952400141651815
36.0,1.5,II,210,1200.0,0.721,13.094411010592813
36.0,1.5,II,210,1200.0,0.722,13.235337366307963
36.0,1.5,II,210,1200.0,0.723,13.3751727638071
36.0,1.5,II,210,1200.0,0.724,13.513911303026504
36.0,1.5,II,210,1200.0,0.725,13.651547619687825
36.0,1.5,II,210,1200.0,0.726,13.788076875832779
36.0,1.5,II,210,1200.0,0.727,13.92349475006057
36.0,1.5,II,210,1200.0,0.728,14.05779742749429
36.0,1.5,II,210,1200.0,0.729,14.190981589502567
36.0,1.5,II,210,1200.0,0.73,14.323044403201413
36.0,1.5,II,210,1200.0,0.731,14.453983510761223
36.0,1.5,II,210,1200.0,0.732,14.583797018542825
36.0,1.5,II,210,1200.0,0.733,14.712483486085965
36.0,1.5,II,210,1200.0,0.734,14.84004191497277
36.0,1.5,II,210,1200.0,0.735,14.966471737588112
36.0,1.5,II,210,1200.0,0.736,15.091772805797955
36.0,1.5,II,210,1200.0,0.737,15.215945379565845
36.0,1.5,II,210,1200.0,0.738,15.338990115527348
36.0,1.5,II,210,1200.0,0.739,15.46090805554068
36.0,1.5,II,210,1200.0,0.74,15.581700615231867
36.0,1.5,II,210,1200.0,0.741,15.701369572551076
36.0,1.5,II,210,1200.0,0.742,15.81991705635679
36.0,1.5,II,210,1200.0,0.743,15.937345535042692
36.0,1.5,II,210,1200.0,0.744,16.053657805222514
36.0,1.5,II,210,1200.0,0.745,16.168856980486016
36.0,1.5,II,210,1200.0,0.746,16.282946480239648
36.0,1.5,II,210,1200.0,0.747,16.395930018643732
36.0,1.5,II,210,1200.0,0.748,16.507811593657756
36.0,1.5,II,210,1200.0,0.749,16.618595476204543
36.0,1.5,II,210,1200.0,0.75,16.728286199463035
36.0,1.5,II,210,1200.0,0.751,16.83688854829925
36.0,1.5,II,210,1200.0,0.752,16.94440754884339
36.0,1.5,II,210,1200.0,0.753,17.050848458221715
36.0,1.5,II,210,1200.0,0.754,17.15621675444931
36.0,1.5,II,210,1200.0,0.755,17.260518126491355
36.0,1.5,II,210,1200.0,0.756,17.36375846449788
36.0,1.5,II,210,1200.0,0.757,17.465943850217847
36.0,1.5,II,210,1200.0,0.758,17.56708054759698
36.0,1.5,II,210,1200.0,0.759,17.667174993563506
36.0,1.5,II,210,1200.0,0.76,17.766233789005526
36.0,1.5,II,210,1200.0,0.761,17.864263689943076
36.0,1.5,II,210,1200.0,0.762,17.961271598897202
36.0,1.5,II,210,1200.0,0.763,18.057264556458605
36.0,1.5,II,210,1200.0,0.764,18.15224973305724
36.0,1.5,II,210,1200.0,0.765,18.246234420934
36.0,1.5,II,210,1200.0,0.766,18.339226026315853
36.0,1.5,II,210,1200.0,0.767,18.431232061794166
36.0,1.5,II,210,1200.0,0.768,18.522260138907022
36.0,1.5,II,210,1200.0,0.769,18.61231796092475
36.0,1.5,II,210,1200.0,0.77,18.701413315838398
36.0,1.5,II,210,1200.0,0.771,18.78955406955032
36.0,1.5,II,210,1200.0,0.772,18.87674815926549
36.0,1.5,II,210,1200.0,0.773,18.963003587082333
36.0,1.5,II,210,1200.0,0.774,19.048328413781505
36.0,1.5,II,210,1200.0,0.775,19.132730752810517
36.0,1.5,II,210,1200.0,0.776,19.216218764462376
36.0,1.5,II,210,1200.0,0.777,19.29880065024577
36.0,1.5,II,210,1200.0,0.778,19.3804846474444
36.0,1.5,II,210,1200.0,0.779,19.461279023863177
36.0,1.5,II,210,1200.0,0.78,19.54119207275791
36.0,1.5,II,210,1200.0,0.781,19.620232107946173
36.0,1.5,II,210,1200.0,0.782,19.698407459096178
36.0,1.5,II,210,1200.0,0.783,19.775726467190307
36.0,1.5,II,210,1200.0,0.784,19.85219748016054
36.0,1.5,II,210,1200.0,0.785,19.927828848692187
36.0,1.5,II,210,1200.0,0.786,20.002628922192585
36.0,1.5,II,210,1200.0,0.787,20.07660604492163
36.0,1.5,II,210,1200.0,0.788,20.14976855228032
36.0,1.5,II,210,1200.0,0.789,20.222124767254083
36.0,1.5,II,210,1200.0,0.79,20.29368299700719
36.0,1.5,II,210,1200.0,0.791,20.364451529624866
36.0,1.5,II,210,1200.0,0.792,20.434438630999395
36.0,1.5,II,210,1200.0,0.793,20.503652541856667
36.0,1.5,II,210,1200.0,0.794,20.57210147491957
36.0,1.5,II,210,1200.0,0.795,20.63979361220491
36.0,1.5,II,210,1200.0,0.796,20.706737102449782
36.0,1.5,II,210,1200.0,0.797,20.772940058664346
36.0,1.5,II,210,1200.0,0.798,20.838410555807286
36.0,1.5,II,210,1200.0,0.799,20.903156628580366
36.0,1.5,II,210,1200.0,0.8,20.967186269338775
36.0,1.5,II,210,1200.0,0.801,21.030507426113743
36.0,1.5,II,210,1200.0,0.802,21.09312800074413
36.0,1.5,II,210,1200.0,0.803,21.155055847113445
36.0,1.5,II,210,1200.0,0.804,21.21629876948925
36.0,1.5,II,210,1200.0,0.805,21.276864520961468
36.0,1.5,II,210,1200.0,0.806,21.336760801976517
36.0,1.5,II,210,1200.0,0.807,21.39599525896412
36.0,1.5,II,210,1200.0,0.808,21.454575483053553
36.0,1.5,II,210,1200.0,0.809,21.512509008876478
36.0,1.5,II,210,1200.0,0.81,21.569803313453228
36.0,1.5,II,210,1200.0,0.811,21.626465815159737
36.0,1.5,II,210,1200.0,0.812,21.68250387277219
36.0,1.5,II,210,1200.0,0.813,21.737924784586383
36.0,1.5,II,210,1200.0,0.814,21.792735787609576
36.0,1.5,II,210,1200.0,0.815,21.846944056821535
36.0,1.5,II,210,1200.0,0.816,21.900556704502662
36.0,1.5,II,210,1200.0,0.817,21.95358077962621
36.0,1.5,II,210,1200.0,0.818,22.00602326731249
36.0,1.5,II,210,1200.0,0.819,22.057891088342323
36.0,1.5,II,210,1200.0,0.82,22.109191098727592
36.0,1.5,II,210,1200.0,0.821,22.15993008933645
36.0,1.5,II,210,1200.0,0.822,22.21011478557086
36.0,1.5,II,210,1200.0,0.823,22.259751847094655
36.0,1.5,II,210,1200.0,0.824,22.308847867609476
36.0,1.5,II,210,1200.0,0.825,22.35740937467692
36.0,1.5,II,210,1200.0,0.826,22.405442829584754
36.0,1.5,II,210,1200.0,0.827,22.45295462725519
36.0,1.5,II,210,1200.0,0.828,22.499951096193435
36.0,1.5,II,210,1200.0,0.829,22.546438498474664
36.0,1.5,II,210,1200.0,0.83,22.59242302976756
36.0,1.5,II,210,1200.0,0.831,22.63791081939285
36.0,1.5,II,210,1200.0,0.832,22.68290793041498
36.0,1.5,II,210,1200.0,0.833,22.72742035976557
36.0,1.5,II,210,1200.0,0.834,22.771454038396755
36.0,1.5,II,210,1200.0,0.835,22.81501483146335
36.0,1.5,II,210,1200.0,0.836,22.858108538531845
36.0,1.5,II,210,1200.0,0.837,22.900740893815335
36.0,1.5,II,210,1200.0,0.838,22.942917566432698
36.0,1.5,II,210,1200.0,0.839,22.984644160690806
36.0,1.5,II,210,1200.0,0.84,23.02592621638853
36.0,1.5,II,210,1200.0,0.841,23.06676920914138
36.0,1.5,II,210,1200.0,0.842,23.10717855072521
36.0,1.5,II,210,1200.0,0.843,23.147159589438665
36.0,1.5,II,210,1200.0,0.844,23.18671761048229
36.0,1.5,II,210,1200.0,0.845,23.225857836354063
36.0,1.5,II,210,1200.0,0.846,23.264585427259817
36.0,1.5,II,210,1200.0,0.847,23.30290548153787
36.0,1.5,II,210,1200.0,0.848,23.34082303609684
36.0,1.5,II,210,1200.0,0.849,23.37834306686571
36.0,1.5,II,210,1200.0,0.85,23.415470489255203
36.0,1.5,II,210,1200.0,0.851,23.45221015862991
36.0,1.5,II,210,1200.0,0.852,23.48856687079018
36.0,1.5,II,210,1200.0,0.853,23.52454536246283
36.0,1.5,II,210,1200.0,0.854,23.560150311800445
36.0,1.5,II,210,1200.0,0.855,23.595386338887906
36.0,1.5,II,210,1200.0,0.856,23.63025800625625
36.0,1.5,II,210,1200.0,0.857,23.664769819402384
36.0,1.5,II,210,1200.0,0.858,23.69892622731479
36.0,1.5,II,210,1200.0,0.859,23.73273162300393
36.0,1.5,II,210,1200.0,0.86,23.766190344037522
36.0,1.5,II,210,1200.0,0.861,23.799306673079503
36.0,1.5,II,210,1200.0,0.862,23.832084838432582
36.0,1.5,II,210,1200.0,0.863,23.864529014583606
36.0,1.5,II,210,1200.0,0.864,23.896643322751416
36.0,1.5,II,210,1200.0,0.865,23.928431831436974
36.0,1.5,II,210,1200.0,0.866,23.959898556974682
36.0,1.5,II,210,1200.0,0.867,23.99104746408527
36.0,1.5,II,210,1200.0,0.868,24.02188246642922
36.0,1.5,II,210,1200.0,0.869,24.052407427160816
36.0,1.5,II,210,1200.0,0.87,24.082626159482146
36.0,1.5,II,210,1200.0,0.871,24.11254242719705
36.0,1.5,II,210,1200.0,0.872,24.142159945264183
36.0,1.5,II,210,1200.0,0.873,24.17148238034954
36.0,1.5,II,210,1200.0,0.874,24.20051335137773
36.0,1.5,II,210,1200.0,0.875,24.229256430081747
36.0,1.5,II,210,1200.0,0.876,24.25771514155123
36.0,1.5,II,210,1200.0,0.877,24.28589296477866
36.0,1.5,II,210,1200.0,0.878,24.31379333320356
36.0,1.5,II,210,1200.0,0.879,24.34141963525432
36.0,1.5,II,210,1200.0,0.88,24.368775214887336
36.0,1.5,II,210,1200.0,0.881,24.395863372123664
36.0,1.5,II,210,1200.0,0.882,24.422687363582554
36.0,1.5,II,210,1200.0,0.883,24.449250403011888
36.0,1.5,II,210,1200.0,0.884,24.475555661815584
36.0,1.5,II,210,1200.0,0.885,24.50160626957746
36.0,1.5,II,210,1200.0,0.886,24.52740531458153
36.0,1.5,II,210,1200.0,0.887,24.5529558443288
36.0,1.5,II,210,1200.0,0.888,24.57826086605013
36.0,1.5,II,210,1200.0,0.889,24.60332334721539
36.0,1.5,II,210,1200.0,0.89,24.62814621603852
36.0,1.5,II,210,1200.0,0.891,24.652732361978448
36.0,1.5,II,210,1200.0,0.892,24.677084636236064
36.0,1.5,II,210,1200.0,0.893,24.70120585224673
36.0,1.5,II,210,1200.0,0.894,24.725098786168594
36.0,1.5,II,210,1200.0,0.895,24.74876617736642
36.0,1.5,II,210,1200.0,0.896,24.772210728891203
36.0,1.5,II,210,1200.0,0.897,24.79543510795492
36.0,1.5,II,210,1200.0,0.898,24.81844194640108
36.0,1.5,II,210,1200.0,0.899,24.841233841170432
36.0,1.5,II,210,1200.0,0.9,24.863813354762293
36.0,1.5,II,210,1200.0,0.901,24.88618301569093
36.0,1.5,II,210,1200.0,0.902,24.908345318937428
36.0,1.5,II,210,1200.0,0.903,24.930302726396846
36.0,1.5,II,210,1200.0,0.904,24.95205766732058
36.0,1.5,II,210,1200.0,0.905,24.973612538753997
36.0,1.5,II,210,1200.0,0.906,24.994969705969247
36.0,1.5,II,210,1200.0,0.907,25.016131502893426
36.0,1.5,II,210,1200.0,0.908,25.037100232531852
36.0,1.5,II,210,1200.0,0.909,25.057878167386605
36.0,1.5,II,210,1200.0,0.91,25.078467549870265
36.0,1.5,II,210,1200.0,0.911,25.098870592714977
36.0,1.5,II,210,1200.0,0.912,25.119089479376534
36.0,1.5,II,210,1200.0,0.913,25.139126364433967
36.0,1.5,II,210,1200.0,0.914,25.158983373984185
36.0,1.5,II,210,1200.0,0.915,25.178662606031956
36.0,1.5,II,210,1200.0,0.916,25.198166130875244
36.0,1.5,II,210,1200.0,0.917,25.217495991485645
36.0,1.5,II,210,1200.0,0.918,25.236654203884434
36.0,1.5,II,210,1200.0,0.919,25.255642757513776
36.0,1.5,II,210,1200.0,0.92,25.274463615603217
36.0,1.5,II,210,1200.0,0.921,25.293118715531904
36.0,1.5,II,210,1200.0,0.922,25.31160996918586
36.0,1.5,II,210,1200.0,0.923,25.32993926331097
36.0,1.5,II,210,1200.0,0.924,25.34810845986127
36.0,1.5,II,210,1200.0,0.925,25.366119396342928
36.0,1.5,II,210,1200.0,0.926,25.383973886153694
36.0,1.5,II,210,1200.0,0.927,25.401673718917863
36.0,1.5,II,210,1200.0,0.928,25.41922066081683
36.0,1.5,II,210,1200.0,0.929,25.436616454915615
36.0,1.5,II,210,1200.0,0.93,25.453862821484634
36.0,1.5,II,210,1200.0,0.931,25.470961458317504
36.0,1.5,II,210,1200.0,0.932,25.487914041044412
36.0,1.5,II,210,1200.0,0.933,25.504722223441462
36.0,1.5,II,210,1200.0,0.934,25.52138763773583
36.0,1.5,II,210,1200.0,0.935,25.53791189490653
36.0,1.5,II,210,1200.0,0.936,25.554296584981564
36.0,1.5,II,210,1200.0,0.937,25.570543277330664
36.0,1.5,II,210,1200.0,0.938,25.586653520954115
36.0,1.5,II,210,1200.0,0.939,25.602628844767764
36.0,1.5,II,210,1200.0,0.94,25.61847075788391
36.0,1.5,II,210,1200.0,0.941,25.634180749888486
36.0,1.5,II,210,1200.0,0.942,25.649760291114266
36.0,1.5,II,210,1200.0,0.943,25.665210832910414
36.0,1.5,II,210,1200.0,0.944,25.68053380790824
36.0,1.5,II,210,1200.0,0.945,25.695730630283087
36.0,1.5,II,210,1200.0,0.946,25.710802696012877
36.0,1.5,II,210,1200.0,0.947,25.725751383132675
36.0,1.5,II,210,1200.0,0.948,25.74057805198604
36.0,1.5,II,210,1200.0,0.949,25.75528404547246
36.0,1.5,II,210,1200.0,0.95,25.769870689291594
36.0,1.5,II,210,1200.0,0.951,25.784339292183912
36.0,1.5,II,210,1200.0,0.952,25.798691146167922
36.0,1.5,II,210,1200.0,0.953,25.81292752677407
36.0,1.5,II,210,1200.0,0.954,25.82704969327538
36.0,1.5,II,210,1200.0,0.955,25.841058888914596
36.0,1.5,II,210,1200.0,0.956,25.8549563411283
36.0,1.5,II,210,1200.0,0.957,25.86874326176772
36.0,1.5,II,210,1200.0,0.958,25.882420847316325
36.0,1.5,II,210,1200.0,0.959,25.895990279104478
36.0,1.5,II,210,1200.0,0.96,25.90945272352078
36.0,1.5,II,210,1200.0,0.961,25.922809332220513
36.0,1.5,II,210,1200.0,0.962,25.936061242331142
36.0,1.5,II,210,1200.0,0.963,25.949209576654596
36.0,1.5,II,210,1200.0,0.964,25.96225544386695
36.0,1.5,II,210,1200.0,0.965,25.975199938714947
36.0,1.5,II,210,1200.0,0.966,25.98804414220989
36.0,1.5,II,210,1200.0,0.967,26.00078912181854
36.0,1.5,II,210,1200.0,0.968,26.01343593165142
36.0,1.5,II,210,1200.0,0.969,26.025985612648277
36.0,1.5,II,210,1200.0,0.97,26.038439192760833
36.0,1.5,II,210,1200.0,0.971,26.05079768713299
36.0,1.5,II,210,1200.0,0.972,26.063062098278316
36.0,1.5,II,210,1200.0,0.973,26.07523341625501
36.0,1.5,II,210,1200.0,0.974,26.087312618838244
36.0,1.5,II,210,1200.0,0.975,26.09930067169011
36.0,1.5,II,210,1200.0,0.976,26.11119852852695
36.0,1.5,II,210,1200.0,0.977,26.123007131284375
36.0,1.5,II,210,1200.0,0.978,26.134727410279783
36.0,1.5,II,210,1200.0,0.979,26.146360284372633
36.0,1.5,II,210,1200.0,0.98,26.15790666112213
36.0,1.5,II,210,1200.0,0.981,26.16936743694288
36.0,1.5,II,210,1200.0,0.982,26.180743497258135
36.0,1.5,II,210,1200.0,0.983,26.19203571665087
36.0,1.5,II,210,1200.0,0.984,26.20324495901243
36.0,1.5,II,210,1200.0,0.985,26.214372077689404
36.0,1.5,II,210,1200.0,0.986,26.225417915627972
36.0,1.5,II,210,1200.0,0.987,26.23638330551633
36.0,1.5,II,210,1200.0,0.988,26.247269069925032
36.0,1.5,II,210,1200.0,0.989,26.258076021445177
36.0,1.5,II,210,1200.0,0.99,26.268804962824753
36.0,1.5,II,210,1200.0,0.991,26.27945668710275
36.0,1.5,II,210,1200.0,0.992,26.290031977741503
36.0,1.5,II,210,1200.0,0.993,26.300531608757044
36.0,1.5,II,210,1200.0,0.994,26.31095634484754
36.0,1.5,II,210,1200.0,0.995,26.321306941519826
36.0,1.5,II,210,1200.0,0.996,26.331584145214137
36.0,1.5,II,210,1200.0,0.997,26.341788693427002
36.0,1.5,II,210,1200.0,0.998,26.35192131483231
36.0,1.5,II,210,1200.0,0.999,26.3619827294007
36.0,1.5,II,210,1200.0,1.0,26.371973648517105
36.0,1.5,II,210,1200.0,1.001,26.381894775096566
36.0,1.5,II,210,1200.0,1.002,26.39174680369849
36.0,1.5,II,210,1200.0,1.003,26.401530420639165
36.0,1.5,II,210,1200.0,1.004,26.411246304102562
36.0,1.5,II,210,1200.0,1.005,26.420895124249697
36.0,1.5,II,210,1200.0,1.006,26.43047754332615
36.0,1.5,II,210,1200.0,1.007,26.439994215768273
36.0,1.5,II,210,1200.0,1.008,26.449445788307706
36.0,1.5,II,210,1200.0,1.009,26.458832900074434
36.0,1.5,II,210,1200.0,1.01,26.468156182698273
36.0,1.5,II,210,1200.0,1.011,26.47741626040896
36.0,1.5,II,210,1200.0,1.012,26.486613750134772
36.0,1.5,II,210,1200.0,1.013,26.49574926159955
36.0,1.5,II,210,1200.0,1.014,26.504823397418747
36.0,1.5,II,210,1200.0,1.015,26.513836753193555
36.0,1.5,II,210,1200.0,1.016,26.52278991760395
36.0,1.5,II,210,1200.0,1.017,26.5316834725005
36.0,1.5,II,210,1200.0,1.018,26.540517992994452
36.0,1.5,II,210,1200.0,1.019,26.549294047547008
36.0,1.5,II,210,1200.0,1.02,26.558012198056872
36.0,1.5,II,210,1200.0,1.021,26.56667299994685
36.0,1.5,II,210,1200.0,1.022,26.575277002248924
36.0,1.5,II,210,1200.0,1.023,26.583824747688418
36.0,1.5,II,210,1200.0,1.024,26.592316772766686
36.0,1.5,II,210,1200.0,1.025,26.60075360784264
36.0,1.5,II,210,1200.0,1.026,26.609135777213332
36.0,1.5,II,210,1200.0,1.027,26.61746379919302
36.0,1.5,II,210,1200.0,1.028,26.625738186191448
36.0,1.5,II,210,1200.0,1.029,26.63395944479074
36.0,1.5,II,210,1200.0,1.03,26.642128075821365
36.0,1.5,II,210,1200.0,1.031,26.650244574436854
36.0,1.5,II,210,1200.0,1.032,26.65830943018761
36.0,1.5,II,210,1200.0,1.033,26.666323127093598
36.0,1.5,II,210,1200.0,1.034,26.674286143715868
36.0,1.5,II,210,1200.0,1.035,26.682198953227278
36.0,1.5,II,210,1200.0,1.036,26.690062023482117
36.0,1.5,II,210,1200.0,1.037,26.69787581708458
36.0,1.5,II,210,1200.0,1.038,26.705640791456556
36.0,1.5,II,210,1200.0,1.039,26.713357398904243
36.0,1.5,II,210,1200.0,1.04,26.721026086683832
36.0,1.5,II,210,1200.0,1.041,26.728647297066367
36.0,1.5,II,210,1200.0,1.042,26.73622146740157
36.0,1.5,II,210,1200.0,1.043,26.743749030180854
36.0,1.5,II,210,1200.0,1.044,26.751230413099286
36.0,1.5,II,210,1200.0,1.045,26.758666039116974
36.0,1.5,II,210,1200.0,1.046,26.766056326519198
36.0,1.5,II,210,1200.0,1.047,26.77340168897596
36.0,1.5,II,210,1200.0,1.048,26.78070253560073
36.0,1.5,II,210,1200.0,1.049,26.787959271008084
36.0,1.5,II,210,1200.0,1.05,26.79517229537074
36.0,1.5,II,210,1200.0,1.051,26.80234200447592
36.0,1.5,II,210,1200.0,1.052,26.809468789780524
36.0,1.5,II,210,1200.0,1.053,26.816553038465877
36.0,1.5,II,210,1200.0,1.054,26.823595133491583
36.0,1.5,II,210,1200.0,1.055,26.830595453648616
36.0,1.5,II,210,1200.0,1.056,26.837554373611724
36.0,1.5,II,210,1200.0,1.057,26.844472263990934
36.0,1.5,II,210,1200.0,1.058,26.85134949138261
36.0,1.5,II,210,1200.0,1.059,26.858186418419645
36.0,1.5,II,210,1200.0,1.06,26.864983403820794
36.0,1.5,II,210,1200.0,1.061,26.871740802439735
36.0,1.5,II,210,1200.0,1.062,26.878458965312937
36.0,1.5,II,210,1200.0,1.063,26.88513823970734
36.0,1.5,II,210,1200.0,1.064,26.89177896916701
36.0,1.5,II,210,1200.0,1.065,26.89838149355949
36.0,1.5,II,210,1200.0,1.066,26.90494614912106
36.0,1.5,II,210,1200.0,1.067,26.911473268501823
36.0,1.5,II,210,1200.0,1.068,26.91796318080986
36.0,1.5,II,210,1200.0,1.069,26.924416211654975
36.0,1.5,II,210,1200.0,1.07,26.93083268319173
36.0,1.5,II,210,1200.0,1.071,26.93721291416184
36.0,1.5,II,210,1200.0,1.072,26.943557219936135
36.0,1.5,II,210,1200.0,1.073,26.949865912555858
36.0,1.5,II,210,1200.0,1.074,26.95613930077333
36.0,1.5,II,210,1200.0,1.075,26.96237769009223
36.0,1.5,II,210,1200.0,1.076,26.96858138280718
36.0,1.5,II,210,1200.0,1.077,26.974750678042792
36.0,1.5,II,210,1200.0,1.078,26.980885871792307
36.0,1.5,II,210,1200.0,1.079,26.9869872569556
36.0,1.5,II,210,1200.0,1.08,26.993055123376635
36.0,1.5,II,210,1200.0,1.081,26.999089757880547
36.0,1.5,II,210,1200.0,1.082,27.00509144431011
36.0,1.5,II,210,1200.0,1.083,27.011060463561726
36.0,1.5,II,210,1200.0,1.084,27.01699709362097
36.0,1.5,II,210,1200.0,1.085,27.022901609597593
36.0,1.5,II,210,1200.0,1.086,27.02877428376014
36.0,1.5,II,210,1200.0,1.087,27.034615385570014
36.0,1.5,II,210,1200.0,1.088,27.040425181715083
36.0,1.5,II,210,1200.0,1.089,27.046203936142916
36.0,1.5,II,210,1200.0,1.09,27.05195191009351
36.0,1.5,II,210,1200.0,1.091,27.057669362131566
36.0,1.5,II,210,1200.0,1.092,27.063356548178323
36.0,1.5,II,210,1200.0,1.093,27.06901372154318
36.0,1.5,II,210,1200.0,1.094,27.074641132954405
36.0,1.5,II,210,1200.0,1.095,27.080239030589993
36.0,1.5,II,210,1200.0,1.096,27.085807660107797
36.0,1.5,II,210,1200.0,1.097,27.09134726467522
36.0,1.5,II,210,1200.0,1.098,27.09685808499882
36.0,1.5,II,210,1200.0,1.099,27.102340359353008
36.0,1.5,II,210,1200.0,1.1,27.107794323608978
36.0,1.5,II,210,1200.0,1.101,27.113220211262796
36.0,1.5,II,210,1200.0,1.102,27.118618253463225
36.0,1.5,II,210,1200.0,1.103,27.12398867903932
36.0,1.5,II,210,1200.0,1.104,27.12933171452753
36.0,1.5,II,210,1200.0,1.105,27.13464758419846
36.0,1.5,II,210,1200.0,1.106,27.139936510083317
36.0,1.5,II,210,1200.0,1.107,27.145198711999925
36.0,1.5,II,210,1200.0,1.108,27.150434407578544
36.0,1.5,II,210,1200.0,1.109,27.155643812287252
36.0,1.5,II,210,1200.0,1.11,27.16082713945693
36.0,1.5,II,210,1200.0,1.111,27.16598460030609
36.0,1.5,II,210,1200.0,1.112,27.171116403965208
36.0,1.5,II,210,1200.0,1.113,27.176222757500906
36.0,1.5,II,210,1200.0,1.114,27.18130386593964
36.0,1.5,II,210,1200.0,1.115,27.186359932291197
36.0,1.5,II,210,1200.0,1.116,27.191391157571953
36.0,1.5,II,210,1200.0,1.117,27.19639774082758
36.0,1.5,II,210,1200.0,1.118,27.201379879155706
36.0,1.5,II,210,1200.0,1.119,27.206337767728193
36.0,1.5,II,210,1200.0,1.12,27.211271599813045
36.0,1.5,II,210,1200.0,1.121,27.21618156679626
36.0,1.5,II,210,1200.0,1.122,27.22106785820309
36.0,1.5,II,210,1200.0,1.123,27.22593066171924
36.0,1.5,II,210,1200.0,1.124,27.23077016321183
36.0,1.5,II,210,1200.0,1.125,27.2355865467499
36.0,1.5,II,210,1200.0,1.126,27.240379994624764
36.0,1.5,II,210,1200.0,1.127,27.245150687370135
36.0,1.5,II,210,1200.0,1.128,27.249898803781928
36.0,1.5,II,210,1200.0,1.129,27.254624520937792
36.0,1.5,II,210,1200.0,1.13,27.2593280142165
36.0,1.5,II,210,1200.0,1.131,27.264009457317023
36.0,1.5,II,210,1200.0,1.132,27.26866902227725
36.0,1.5,II,210,1200.0,1.133,27.273306879492722
36.0,1.5,II,210,1200.0,1.134,27.2779231977349
36.0,1.5,II,210,1200.0,1.135,27.28251814416934
36.0,1.5,II,210,1200.0,1.136,27.287091884373567
36.0,1.5,II,210,1200.0,1.137,27.2916445823547
36.0,1.5,II,210,1200.0,1.138,27.29617640056702
36.0,1.5,II,210,1200.0,1.139,27.30068749992902
36.0,1.5,II,210,1200.0,1.14,27.30517803984055
36.0,1.5,II,210,1200.0,1.141,27.309648178199666
36.0,1.5,II,210,1200.0,1.142,27.314098071418943
36.0,1.5,II,210,1200.0,1.143,27.318527874442147
36.0,1.5,II,210,1200.0,1.144,27.322937740760267
36.0,1.5,II,210,1200.0,1.145,27.3273278224275
36.0,1.5,II,210,1200.0,1.146,27.33169827007702
36.0,1.5,II,210,1200.0,1.147,27.33604923293658
36.0,1.5,II,210,1200.0,1.148,27.340380858843808
36.0,1.5,II,210,1200.0,1.149,27.34469329426152
36.0,1.5,II,210,1200.0,1.15,27.348986684292615
36.0,1.5,II,210,1200.0,1.151,27.353261172694925
36.0,1.5,II,210,1200.0,1.152,27.357516901895856
36.0,1.5,II,210,1200.0,1.153,27.361754013006873
36.0,1.5,II,210,1200.0,1.154,27.365972645837623
36.0,1.5,II,210,1200.0,1.155,27.3701729389102
36.0,1.5,II,210,1200.0,1.156,27.37435502947301
36.0,1.5,II,210,1200.0,1.157,27.37851905351446
36.0,1.5,II,210,1200.0,1.158,27.3826651457766
36.0,1.5,II,210,1200.0,1.159,27.386793439768535
36.0,1.5,II,210,1200.0,1.16,27.39090406777963
36.0,1.5,II,210,1200.0,1.161,27.39499716089268
36.0,1.5,II,210,1200.0,1.162,27.39907284899674
36.0,1.5,II,210,1200.0,1.163,27.403131260799988
36.0,1.5,II,210,1200.0,1.164,27.407172523842235
36.0,1.5,II,210,1200.0,1.165,27.411196764507494
36.0,1.5,II,210,1200.0,1.166,27.4152041080362
36.0,1.5,II,210,1200.0,1.167,27.41919467853745
36.0,1.5,II,210,1200.0,1.168,27.423168599000977
36.0,1.5,II,210,1200.0,1.169,27.427125991308976
36.0,1.5,II,210,1200.0,1.17,27.431066976247905
36.0,1.5,II,210,1200.0,1.171,27.43499167352
36.0,1.5,II,210,1200.0,1.172,27.438900201754777
36.0,1.5,II,210,1200.0,1.173,27.442792678520327
36.0,1.5,II,210,1200.0,1.174,27.44666922033442
36.0,1.5,II,210,1200.0,1.175,27.450529942675647
36.0,1.5,II,210,1200.0,1.176,27.454374959994194
36.0,1.5,II,210,1200.0,1.177,27.458204385722773
36.0,1.5,II,210,1200.0,1.178,27.462018332287098
36.0,1.5,II,210,1200.0,1.179,27.46581691111654
36.0,1.5,II,210,1200.0,1.18,27.46960023265448
36.0,1.5,II,210,1200.0,1.181,27.473368406368476
36.0,1.5,II,210,1200.0,1.182,27.477121540760578
36.0,1.5,II,210,1200.0,1.183,27.48085974337723
36.0,1.5,II,210,1200.0,1.184,27.484583120819234
36.0,1.5,II,210,1200.0,1.185,27.488291778751517
36.0,1.5,II,210,1200.0,1.186,27.491985821912795
36.0,1.5,II,210,1200.0,1.187,27.495665354125194
36.0,1.5,II,210,1200.0,1.188,27.49933047830356
36.0,1.5,II,210,1200.0,1.189,27.502981296464984
36.0,1.5,II,210,1200.0,1.19,27.50661790973789
36.0,1.5,II,210,1200.0,1.191,27.5102404183712
36.0,1.5,II,210,1200.0,1.192,27.51384892174333
36.0,1.5,II,210,1200.0,1.193,27.51744351837109
36.0,1.5,II,210,1200.0,1.194,27.521024305918516
36.0,1.5,II,210,1200.0,1.195,27.52459138120558
36.0,1.5,II,210,1200.0,1.196,27.52814484021672
36.0,1.5,II,210,1200.0,1.197,27.53168477810939
36.0,1.5,II,210,1200.0,1.198,27.53521128922244
36.0,1.5,II,210,1200.0,1.199,27.53872446708443
36.0,1.5,II,210,1200.0,1.2,27.542224404421816
